,Tag,Presence,Count,Median,Mean,Std,Min,Max,Classification
0,Abdomen,True,1.0,31500.0,31500.0,,31500.0,31500.0,none
1,Abdomen,False,260.0,31750.0,92766.59615384616,164234.7650932821,2368.0,1200000.0,none
2,Accordion,True,1.0,77300.0,77300.0,,77300.0,77300.0,none
3,Accordion,False,260.0,31400.0,92590.44230769231,164275.97496533487,2368.0,1200000.0,none
4,Accordionist,True,1.0,77300.0,77300.0,,77300.0,77300.0,none
5,Accordionist,False,260.0,31400.0,92590.44230769231,164275.97496533487,2368.0,1200000.0,none
6,Active pants,True,1.0,84400.0,84400.0,,84400.0,84400.0,none
7,Active pants,False,260.0,31400.0,92563.13461538461,164277.93183110084,2368.0,1200000.0,none
8,Adaptation,True,11.0,15900.0,27808.636363636364,29186.11846845252,3485.0,105100.0,none
9,Adaptation,False,250.0,32300.0,95379.68,166864.9670010414,2368.0,1200000.0,none
10,Advertising,True,1.0,43700.0,43700.0,,43700.0,43700.0,none
11,Advertising,False,260.0,31400.0,92719.67307692308,164250.5799591697,2368.0,1200000.0,none
12,Animal,True,2.0,19414.0,19414.0,16385.07833365468,7828.0,31000.0,none
13,Animal,False,259.0,32200.0,93096.4749034749,164466.6947836447,2368.0,1200000.0,none
14,Architecture,True,2.0,49350.0,49350.0,24253.76259469858,32200.0,66500.0,none
15,Architecture,False,259.0,31300.0,92865.30888030888,164545.59067948087,2368.0,1200000.0,none
16,Arm,True,6.0,62600.0,126000.0,152065.4990456415,13700.0,401100.0,none
17,Arm,False,255.0,31500.0,91744.37254901961,164427.69801271998,2368.0,1200000.0,none
18,Art,True,2.0,39242.0,39242.0,48023.864151065565,5284.0,73200.0,none
19,Art,False,259.0,31500.0,92943.36293436293,164502.20287332888,2368.0,1200000.0,none
20,Artist,True,1.0,134100.0,134100.0,,134100.0,134100.0,none
21,Artist,False,260.0,31400.0,92371.98076923077,164258.32720898456,2368.0,1200000.0,none
22,Asphalt,True,4.0,49100.0,171252.75,274931.73915886227,5511.0,581300.0,none
23,Asphalt,False,257.0,31500.0,91306.63035019455,162233.2564332512,2368.0,1200000.0,none
24,Audio equipment,True,20.0,31900.0,80632.45,124171.3129724944,4149.0,520700.0,none
25,Audio equipment,False,241.0,31500.0,93519.36099585063,167004.7720933895,2368.0,1200000.0,none
26,Automotive design,True,3.0,581300.0,595462.0,597582.871685593,5086.0,1200000.0,none
27,Automotive design,False,258.0,31400.0,86683.83333333333,146395.22022326157,2368.0,910500.0,none
28,Automotive exterior,True,1.0,581300.0,581300.0,,581300.0,581300.0,none
29,Automotive exterior,False,260.0,31400.0,90651.98076923077,161435.98050348993,2368.0,1200000.0,none
30,Automotive lighting,True,2.0,293405.5,293405.5,407144.30643262103,5511.0,581300.0,none
31,Automotive lighting,False,259.0,31500.0,90980.71042471043,161661.32602286202,2368.0,1200000.0,none
32,Automotive tire,True,1.0,98400.0,98400.0,,98400.0,98400.0,none
33,Automotive tire,False,260.0,31400.0,92509.28846153847,164278.30569001997,2368.0,1200000.0,none
34,Baked goods,True,1.0,30400.0,30400.0,,30400.0,30400.0,none
35,Baked goods,False,260.0,31850.0,92770.82692307692,164233.1664561726,2368.0,1200000.0,none
36,Ball,True,1.0,240600.0,240600.0,,240600.0,240600.0,none
37,Ball,False,260.0,31400.0,91962.36538461539,164019.87772411708,2368.0,1200000.0,none
38,Band plays,True,1.0,46500.0,46500.0,,46500.0,46500.0,none
39,Band plays,False,260.0,31400.0,92708.90384615384,164253.71385467207,2368.0,1200000.0,none
40,Barechested,True,1.0,31500.0,31500.0,,31500.0,31500.0,none
41,Barechested,False,260.0,31750.0,92766.59615384616,164234.7650932821,2368.0,1200000.0,none
42,Baseball cap,True,3.0,33400.0,414187.6666666667,680641.3339317068,9163.0,1200000.0,none
43,Baseball cap,False,258.0,31400.0,88791.67441860466,149567.7230281438,2368.0,910500.0,none
44,Beard,True,5.0,208300.0,275900.0,241772.59977094177,33400.0,676800.0,greater
45,Beard,False,256.0,31000.0,88950.44921875,160691.42679352433,2368.0,1200000.0,greater
46,Bicycle clothing,True,1.0,2647.0,2647.0,,2647.0,2647.0,none
47,Bicycle clothing,False,260.0,31850.0,92877.56923076924,164183.37628106336,2368.0,1200000.0,none
48,Black hair,True,1.0,15400.0,15400.0,,15400.0,15400.0,none
49,Black hair,False,260.0,31850.0,92828.51923076923,164208.5152389848,2368.0,1200000.0,none
50,Blazer,True,28.0,48200.0,106523.0,156916.6882501903,6656.0,759100.0,none
51,Blazer,False,233.0,31000.0,90850.51931330471,165034.0176211873,2368.0,1200000.0,none
52,Blue,True,2.0,67050.0,67050.0,53810.826048296265,29000.0,105100.0,none
53,Blue,False,259.0,31500.0,92728.62934362935,164547.26435961848,2368.0,1200000.0,none
54,Blurred,True,47.0,30300.0,71423.02127659574,109806.46570819782,4147.0,591800.0,none
55,Blurred,False,214.0,31850.0,97167.91121495327,173470.19060431462,2368.0,1200000.0,none
56,Bodybuilder,True,1.0,31500.0,31500.0,,31500.0,31500.0,none
57,Bodybuilder,False,260.0,31750.0,92766.59615384616,164234.7650932821,2368.0,1200000.0,none
58,Bodybuilding,True,1.0,31500.0,31500.0,,31500.0,31500.0,none
59,Bodybuilding,False,260.0,31750.0,92766.59615384616,164234.7650932821,2368.0,1200000.0,none
60,Book,True,6.0,10116.5,33820.333333333336,44495.15441783146,4833.0,115700.0,none
61,Book,False,255.0,32200.0,93913.30588235294,165518.67010505797,2368.0,1200000.0,none
62,Bookcase,True,10.0,12050.0,21794.7,34250.52498235125,2937.0,117700.0,less
63,Bookcase,False,251.0,32700.0,95350.07171314741,166459.27294416144,2368.0,1200000.0,less
64,Bottle,True,1.0,80000.0,80000.0,,80000.0,80000.0,none
65,Bottle,False,260.0,31400.0,92580.05769230769,164276.85927331098,2368.0,1200000.0,none
66,Building,True,6.0,46000.0,173333.33333333334,325971.6040802736,11800.0,837500.0,none
67,Building,False,255.0,31000.0,90630.64705882352,158962.9138334666,2368.0,1200000.0,none
68,Cameras & optics,True,1.0,5086.0,5086.0,,5086.0,5086.0,none
69,Cameras & optics,False,260.0,31850.0,92868.18846153846,164188.4812985567,2368.0,1200000.0,none
70,Cap,True,7.0,16800.0,188693.85714285713,446329.5592427299,2647.0,1200000.0,none
71,Cap,False,254.0,31850.0,89881.72440944881,150466.8229289331,2368.0,910500.0,none
72,Car,True,5.0,32800.0,143009.4,246409.79290969745,2647.0,581300.0,none
73,Car,False,256.0,31400.0,91545.96875,162503.71183020744,2368.0,1200000.0,none
74,Carnivore,True,1.0,145400.0,145400.0,,145400.0,145400.0,none
75,Carnivore,False,260.0,31400.0,92328.51923076923,164245.7366799286,2368.0,1200000.0,none
76,Chair,True,3.0,105100.0,463166.6666666667,638200.3159928184,84400.0,1200000.0,none
77,Chair,False,258.0,31150.0,88222.1511627907,149685.26644245858,2368.0,910500.0,none
78,Championship,True,3.0,31000.0,28807.0,20975.656056486052,6821.0,48600.0,none
79,Championship,False,258.0,31850.0,93272.8449612403,164760.84621302446,2368.0,1200000.0,none
80,Cheek,True,13.0,26900.0,140289.07692307694,238964.287964911,3958.0,676800.0,none
81,Cheek,False,248.0,32500.0,90028.45564516129,159367.55170849798,2368.0,1200000.0,none
82,Chest,True,1.0,31500.0,31500.0,,31500.0,31500.0,none
83,Chest,False,260.0,31750.0,92766.59615384616,164234.7650932821,2368.0,1200000.0,none
84,Child,True,1.0,657600.0,657600.0,,657600.0,657600.0,none
85,Child,False,260.0,31400.0,90358.51923076923,160467.8387489057,2368.0,1200000.0,none
86,Chin,True,63.0,29100.0,85882.0,147011.10896382693,2937.0,759100.0,none
87,Chin,False,198.0,32500.0,94647.72222222222,169294.27163152132,2368.0,1200000.0,none
88,Circle,True,1.0,38700.0,38700.0,,38700.0,38700.0,none
89,Circle,False,260.0,31400.0,92738.90384615384,164244.52340673812,2368.0,1200000.0,none
90,City,True,8.0,15000.0,126557.125,288329.1810906602,4373.0,837500.0,none
91,City,False,253.0,32200.0,91455.9604743083,159342.2818833223,2368.0,1200000.0,none
92,Cityscape,True,1.0,58600.0,58600.0,,58600.0,58600.0,none
93,Cityscape,False,260.0,31400.0,92662.36538461539,164265.12910531458,2368.0,1200000.0,none
94,Clock,True,1.0,8729.0,8729.0,,8729.0,8729.0,none
95,Clock,False,260.0,31850.0,92854.17692307693,164195.8445812101,2368.0,1200000.0,none
96,Clothing,True,24.0,30900.0,85681.70833333333,154243.59018194428,2937.0,676800.0,none
97,Clothing,False,237.0,31500.0,93225.54430379746,165208.21559160113,2368.0,1200000.0,none
98,Cloud,True,8.0,29700.0,29323.875,19788.163102777955,2963.0,54700.0,none
99,Cloud,False,253.0,31500.0,94530.52964426877,166118.71357851368,2368.0,1200000.0,none
100,Coat,True,21.0,52500.0,89989.90476190476,102340.86915885792,6988.0,409400.0,none
101,Coat,False,240.0,31000.0,92754.27916666666,168430.3689853371,2368.0,1200000.0,none
102,Collar,True,32.0,39500.0,147047.78125,204192.6138852069,3259.0,759100.0,none
103,Collar,False,229.0,30400.0,84913.91266375546,156564.4701620515,2368.0,1200000.0,none
104,Comb over,True,2.0,36050.0,36050.0,4737.615433949868,32700.0,39400.0,none
105,Comb over,False,259.0,31300.0,92968.01158301158,164520.78799385813,2368.0,1200000.0,none
106,Comfort,True,1.0,197700.0,197700.0,,197700.0,197700.0,none
107,Comfort,False,260.0,31400.0,92127.36538461539,164148.18589215205,2368.0,1200000.0,none
108,Communication Device,True,2.0,132900.0,132900.0,63215.34623807735,88200.0,177600.0,none
109,Communication Device,False,259.0,31300.0,92220.13513513513,164511.02943640543,2368.0,1200000.0,none
110,Community,True,6.0,23100.0,45200.0,43965.349992920565,10800.0,105100.0,none
111,Community,False,255.0,32200.0,93645.54901960785,165609.56819755095,2368.0,1200000.0,none
112,Companion dog,True,1.0,145400.0,145400.0,,145400.0,145400.0,none
113,Companion dog,False,260.0,31400.0,92328.51923076923,164245.7366799286,2368.0,1200000.0,none
114,Competition event,True,5.0,33700.0,33804.2,17195.68516227254,6821.0,48900.0,none
115,Competition event,False,256.0,31400.0,93678.8828125,165339.78071565213,2368.0,1200000.0,none
116,Concert,True,5.0,48900.0,87200.0,68877.42736194492,22200.0,184300.0,none
117,Concert,False,256.0,31150.0,92635.99609375,165335.54631631306,2368.0,1200000.0,none
118,Cooking,True,1.0,3259.0,3259.0,,3259.0,3259.0,none
119,Cooking,False,260.0,31850.0,92875.21538461538,164184.67045737454,2368.0,1200000.0,none
120,Cool,True,9.0,98400.0,123703.88888888889,115559.8243816211,8635.0,312100.0,none
121,Cool,False,252.0,31400.0,91418.57142857143,165486.98001134035,2368.0,1200000.0,none
122,Crew,True,1.0,4147.0,4147.0,,4147.0,4147.0,none
123,Crew,False,260.0,31850.0,92871.8,164186.53254182136,2368.0,1200000.0,none
124,Cricket cap,True,1.0,33400.0,33400.0,,33400.0,33400.0,none
125,Cricket cap,False,260.0,31400.0,92759.28846153847,164237.45908153048,2368.0,1200000.0,none
126,Crowd,True,31.0,21800.0,49571.22580645161,147368.32353069403,3485.0,837500.0,less
127,Crowd,False,230.0,33400.0,98322.20434782609,165512.4767489167,2368.0,1200000.0,less
128,Curtain,True,4.0,31500.0,47400.0,42329.81612685476,16600.0,110000.0,none
129,Curtain,False,257.0,31500.0,93234.29961089494,165077.05900223643,2368.0,1200000.0,none
130,Customer,True,1.0,6733.0,6733.0,,6733.0,6733.0,none
131,Customer,False,260.0,31850.0,92861.85384615384,164191.84907967417,2368.0,1200000.0,none
132,Daytime,True,1.0,66500.0,66500.0,,66500.0,66500.0,none
133,Daytime,False,260.0,31400.0,92631.98076923077,164270.71766979247,2368.0,1200000.0,none
134,Display device,True,2.0,32600.0,32600.0,5798.27560572969,28500.0,36700.0,none
135,Display device,False,259.0,31500.0,92994.65250965251,164511.12101147577,2368.0,1200000.0,none
136,Dog,True,1.0,145400.0,145400.0,,145400.0,145400.0,none
137,Dog,False,260.0,31400.0,92328.51923076923,164245.7366799286,2368.0,1200000.0,none
138,Dog breed,True,1.0,145400.0,145400.0,,145400.0,145400.0,none
139,Dog breed,False,260.0,31400.0,92328.51923076923,164245.7366799286,2368.0,1200000.0,none
140,Dress shirt,True,42.0,30800.0,104323.95238095238,169127.80751397886,3259.0,759100.0,none
141,Dress shirt,False,219.0,32200.0,90270.3607305936,163252.8872593,2368.0,1200000.0,none
142,Ear,True,16.0,17100.0,50439.0,80129.99879113107,3958.0,283000.0,none
143,Ear,False,245.0,32800.0,95280.77959183673,167714.24643745195,2368.0,1200000.0,none
144,Electric blue,True,8.0,111900.0,166575.0,195346.26216761133,13500.0,591800.0,none
145,Electric blue,False,253.0,31000.0,90190.57312252965,162780.82175325893,2368.0,1200000.0,none
146,Electronic device,True,3.0,36700.0,103366.66666666667,126984.0278670248,23600.0,249800.0,none
147,Electronic device,False,258.0,31400.0,92405.87209302325,164531.5847543248,2368.0,1200000.0,none
148,Engineering,True,2.0,18043.0,18043.0,18323.965127668194,5086.0,31000.0,none
149,Engineering,False,259.0,32200.0,93107.06177606178,164461.09566697123,2368.0,1200000.0,none
150,Entertainment,True,17.0,32200.0,58142.470588235294,60669.16961389619,4149.0,198100.0,none
151,Entertainment,False,244.0,31400.0,94927.84016393442,168622.64388117156,2368.0,1200000.0,none
152,Event,True,60.0,23550.0,74198.75,139237.94989758433,2647.0,837500.0,none
153,Event,False,201.0,33400.0,98004.42786069652,170583.26609265053,2368.0,1200000.0,none
154,Exposed,True,20.0,20100.0,47366.25,69337.09456581627,3485.0,240600.0,none
155,Exposed,False,241.0,32400.0,96280.04149377593,168994.96798790077,2368.0,1200000.0,none
156,Eye,True,7.0,15300.0,54785.71428571428,93432.34649505185,4977.0,263300.0,none
157,Eye,False,254.0,32300.0,93572.1062992126,165468.97510481434,2368.0,1200000.0,none
158,Eye liner,True,1.0,263300.0,263300.0,,263300.0,263300.0,none
159,Eye liner,False,260.0,31400.0,91875.05769230769,163934.3419544753,2368.0,1200000.0,none
160,Eyebrow,True,24.0,32000.0,125402.875,177063.9061202167,3969.0,676800.0,none
161,Eyebrow,False,237.0,31500.0,89203.14767932489,162607.40533022504,2368.0,1200000.0,none
162,Eyelash,True,20.0,23550.0,102103.4,172446.84893594563,4977.0,676800.0,none
163,Eyelash,False,241.0,32600.0,91737.53941908713,163589.38063168348,2368.0,1200000.0,none
164,Eyewear,True,14.0,32350.0,135673.07142857142,310814.2533377734,2937.0,1200000.0,none
165,Eyewear,False,247.0,31500.0,90086.6072874494,152304.20693791565,2368.0,910500.0,none
166,Face,True,6.0,33100.0,38050.0,24222.69596886358,13800.0,77300.0,none
167,Face,False,255.0,31500.0,93813.7843137255,165636.43507467964,2368.0,1200000.0,none
168,Facial expression,True,13.0,17700.0,98979.30769230769,128052.76266600982,6533.0,401100.0,none
169,Facial expression,False,248.0,31850.0,92193.8870967742,165830.29225993526,2368.0,1200000.0,none
170,Facial hair,True,6.0,104500.0,120583.33333333333,121626.27046270337,12100.0,312100.0,none
171,Facial hair,False,255.0,31300.0,91871.82352941176,164950.05332756927,2368.0,1200000.0,none
172,Fan,True,21.0,14300.0,20161.619047619046,15354.775271804503,2647.0,49400.0,less
173,Fan,False,240.0,33350.0,98864.25416666667,169486.4945871664,2368.0,1200000.0,less
174,Fashion,True,3.0,28800.0,50433.333333333336,53910.14128467235,10700.0,111800.0,none
175,Fashion,False,258.0,31850.0,93021.37596899224,164784.6131648381,2368.0,1200000.0,none
176,Fashion design,True,1.0,16600.0,16600.0,,16600.0,16600.0,none
177,Fashion design,False,260.0,31850.0,92823.90384615384,164210.68290495113,2368.0,1200000.0,none
178,Fawn,True,2.0,76614.0,76614.0,97278.09410139572,7828.0,145400.0,none
179,Fawn,False,259.0,31500.0,92654.77606177607,164479.30003262102,2368.0,1200000.0,none
180,Field house,True,1.0,31000.0,31000.0,,31000.0,31000.0,none
181,Field house,False,260.0,31850.0,92768.51923076923,164234.0419819161,2368.0,1200000.0,none
182,Finger,True,9.0,30400.0,99677.77777777778,130892.2436374457,14500.0,394000.0,none
183,Finger,False,252.0,31850.0,92276.64682539682,165226.1883993526,2368.0,1200000.0,none
184,Fireworks,True,1.0,32200.0,32200.0,,32200.0,32200.0,none
185,Fireworks,False,260.0,31400.0,92763.90384615384,164235.76753212794,2368.0,1200000.0,none
186,Flag,True,9.0,28300.0,51777.333333333336,56869.289306707535,4147.0,143700.0,none
187,Flag,False,252.0,32300.0,93987.37698412698,166381.7679841832,2368.0,1200000.0,none
188,Flash photography,True,5.0,79200.0,75100.0,22284.411591962664,38700.0,97500.0,none
189,Flash photography,False,256.0,31000.0,92872.32421875,165520.28309957986,2368.0,1200000.0,none
190,Floor,True,1.0,910500.0,910500.0,,910500.0,910500.0,none
191,Floor,False,260.0,31400.0,89385.82692307692,156186.65225553792,2368.0,1200000.0,none
192,Flooring,True,2.0,463550.0,463550.0,632082.7517026549,16600.0,910500.0,none
193,Flooring,False,259.0,31500.0,89666.85328185328,156423.1711687067,2368.0,1200000.0,none
194,Flower,True,1.0,18000.0,18000.0,,18000.0,18000.0,none
195,Flower,False,260.0,31850.0,92818.51923076923,164213.16885573018,2368.0,1200000.0,none
196,Flower Arranging,True,1.0,18000.0,18000.0,,18000.0,18000.0,none
197,Flower Arranging,False,260.0,31850.0,92818.51923076923,164213.16885573018,2368.0,1200000.0,none
198,Fluid,True,1.0,38700.0,38700.0,,38700.0,38700.0,none
199,Fluid,False,260.0,31400.0,92738.90384615384,164244.52340673812,2368.0,1200000.0,none
200,Font,True,64.0,28800.0,64385.546875,114192.70885683228,2368.0,767700.0,none
201,Font,False,197.0,32200.0,101675.83756345177,176431.02165731773,2647.0,1200000.0,none
202,Footwear,True,4.0,114050.0,121400.0,95095.70617716308,16600.0,240900.0,none
203,Footwear,False,257.0,31300.0,92082.5486381323,164877.3965867996,2368.0,1200000.0,none
204,Forehead,True,97.0,26900.0,94833.34020618557,153992.95415868374,2937.0,759100.0,none
205,Forehead,False,164.0,33400.0,91170.61585365854,170030.9589178762,2368.0,1200000.0,none
206,Formal wear,True,22.0,48450.0,106199.45454545454,166504.78094915597,6908.0,759100.0,none
207,Formal wear,False,239.0,31000.0,91273.75313807532,164023.37150669104,2368.0,1200000.0,none
208,Free reed aerophone,True,1.0,77300.0,77300.0,,77300.0,77300.0,none
209,Free reed aerophone,False,260.0,31400.0,92590.44230769231,164275.97496533487,2368.0,1200000.0,none
210,Fun,True,24.0,22950.0,98165.375,165513.6095483475,2963.0,657600.0,none
211,Fun,False,237.0,32600.0,91961.37552742616,164147.03879316864,2368.0,1200000.0,none
212,Furniture,True,1.0,9521.0,9521.0,,9521.0,9521.0,none
213,Furniture,False,260.0,31850.0,92851.13076923077,164197.40388277714,2368.0,1200000.0,none
214,Gadget,True,4.0,32600.0,44250.0,29794.238816701905,23600.0,88200.0,none
215,Gadget,False,257.0,31500.0,93283.32684824902,165095.00676890736,2368.0,1200000.0,none
216,Gas,True,2.0,111500.0,111500.0,102954.74734076131,38700.0,184300.0,none
217,Gas,False,259.0,31300.0,92385.3861003861,164463.37962943962,2368.0,1200000.0,none
218,Gesture,True,92.0,31850.0,96076.47826086957,169499.0003342091,3259.0,1200000.0,none
219,Gesture,False,169.0,31500.0,90602.2426035503,161347.63869070346,2368.0,910500.0,none
220,Glasses,True,24.0,16950.0,64195.583333333336,109346.37128824074,2937.0,418400.0,none
221,Glasses,False,237.0,32800.0,95401.35443037975,168411.53012039434,2368.0,1200000.0,none
222,Gold medal,True,1.0,51600.0,51600.0,,51600.0,51600.0,none
223,Gold medal,False,260.0,31400.0,92689.28846153847,164258.94652714062,2368.0,1200000.0,none
224,Grass,True,5.0,39300.0,160025.6,279219.28851137776,7828.0,657600.0,none
225,Grass,False,256.0,31400.0,91213.62109375,161545.06102535984,2368.0,1200000.0,none
226,Green,True,12.0,41400.0,108334.91666666667,180013.56563298643,8219.0,657600.0,none
227,Green,False,249.0,31000.0,91770.26506024097,163507.00716577406,2368.0,1200000.0,none
228,Greeting,True,1.0,401100.0,401100.0,,401100.0,401100.0,none
229,Greeting,False,260.0,31400.0,91345.05769230769,163151.64258867502,2368.0,1200000.0,none
230,Guitar accessory,True,1.0,95300.0,95300.0,,95300.0,95300.0,none
231,Guitar accessory,False,260.0,31400.0,92521.21153846153,164278.621514182,2368.0,1200000.0,none
232,Guitarist,True,2.0,70900.0,70900.0,34506.81092190352,46500.0,95300.0,none
233,Guitarist,False,259.0,31300.0,92698.89961389962,164571.64778491174,2368.0,1200000.0,none
234,Hair,True,12.0,23100.0,51733.333333333336,77934.41687299221,13800.0,290000.0,none
235,Hair,False,249.0,32600.0,94498.05220883535,166825.3492895789,2368.0,1200000.0,none
236,Hairstyle,True,13.0,20800.0,51594.46153846154,65935.0346839162,5828.0,208300.0,none
237,Hairstyle,False,248.0,32500.0,94677.77016129032,167315.83950749182,2368.0,1200000.0,none
238,Hand,True,8.0,101200.0,137975.0,135167.48076790827,14500.0,401100.0,none
239,Hand,False,253.0,31300.0,91094.92094861661,164809.0103567746,2368.0,1200000.0,none
240,Happy,True,30.0,37300.0,115597.5,158787.50913476833,2963.0,657600.0,none
241,Happy,False,231.0,31300.0,89536.32034632035,164720.27672016126,2368.0,1200000.0,none
242,Hardwood,True,2.0,459614.5,459614.5,637648.3891773742,8729.0,910500.0,none
243,Hardwood,False,259.0,31500.0,89697.24324324324,156408.14944867796,2368.0,1200000.0,none
244,Hat,True,40.0,29450.0,137023.225,272190.24101173243,4149.0,1200000.0,none
245,Hat,False,221.0,31500.0,84479.1221719457,134955.16646659333,2368.0,910500.0,none
246,Head,True,13.0,52700.0,99707.69230769231,100730.82498701231,15300.0,313300.0,none
247,Head,False,248.0,31150.0,92155.70564516129,166741.77435037744,2368.0,1200000.0,none
248,Headgear,True,2.0,3397.0,3397.0,1060.6601717798212,2647.0,4147.0,none
249,Headgear,False,259.0,32200.0,93220.1583011583,164408.11598380128,2368.0,1200000.0,none
250,Helmet,True,1.0,22700.0,22700.0,,22700.0,22700.0,none
251,Helmet,False,260.0,31850.0,92800.44230769231,164221.17594631246,2368.0,1200000.0,none
252,Horse,True,1.0,31000.0,31000.0,,31000.0,31000.0,none
253,Horse,False,260.0,31850.0,92768.51923076923,164234.0419819161,2368.0,1200000.0,none
254,Human,True,16.0,33150.0,64411.3125,76008.71665163914,3958.0,283000.0,none
255,Human,False,245.0,31300.0,94368.30204081633,168036.18447768394,2368.0,1200000.0,none
256,Human body,True,3.0,18900.0,17659.0,12109.287468715904,4977.0,29100.0,none
257,Human body,False,258.0,32300.0,93402.47286821705,164712.39635100306,2368.0,1200000.0,none
258,Infrastructure,True,2.0,25500.0,25500.0,10323.759005323594,18200.0,32800.0,none
259,Infrastructure,False,259.0,31500.0,93049.47876447876,164488.8575541207,2368.0,1200000.0,none
260,Interaction,True,1.0,18300.0,18300.0,,18300.0,18300.0,none
261,Interaction,False,260.0,31850.0,92817.36538461539,164213.69553593476,2368.0,1200000.0,none
262,Jaw,True,29.0,25600.0,88446.6551724138,140166.7260085227,3958.0,632300.0,none
263,Jaw,False,232.0,32750.0,93042.50862068965,166957.86943005506,2368.0,1200000.0,none
264,Jeans,True,1.0,22700.0,22700.0,,22700.0,22700.0,none
265,Jeans,False,260.0,31850.0,92800.44230769231,164221.17594631246,2368.0,1200000.0,none
266,Jersey,True,6.0,104200.0,124916.66666666667,101044.92895077252,10700.0,251900.0,none
267,Jersey,False,255.0,31000.0,91769.86274509804,165204.1226941462,2368.0,1200000.0,none
268,Joint,True,1.0,33400.0,33400.0,,33400.0,33400.0,none
269,Joint,False,260.0,31400.0,92759.28846153847,164237.45908153048,2368.0,1200000.0,none
270,Joy,True,73.0,41800.0,122209.50684931508,203279.31604931096,3259.0,1200000.0,none
271,Joy,False,188.0,29850.0,81008.09042553192,144882.04873427548,2368.0,910500.0,none
272,Knee,True,4.0,34700.0,40616.75,31681.515992504737,8667.0,84400.0,none
273,Knee,False,257.0,31300.0,93339.87548638132,165073.3926578902,2368.0,1200000.0,none
274,Landscape,True,5.0,41200.0,41865.6,30547.198182484757,7828.0,83500.0,none
275,Landscape,False,256.0,31400.0,93521.43359375,165362.8534148271,2368.0,1200000.0,none
276,Leg,True,3.0,33400.0,29233.333333333332,9557.37062864747,18300.0,36000.0,none
277,Leg,False,258.0,31400.0,93267.88759689922,164771.02008001623,2368.0,1200000.0,none
278,Leisure,True,21.0,16600.0,70039.80952380953,158407.85350721065,2647.0,657600.0,none
279,Leisure,False,240.0,32650.0,94499.9125,164613.74820789084,2368.0,1200000.0,none
280,Light,True,1.0,32200.0,32200.0,,32200.0,32200.0,none
281,Light,False,260.0,31400.0,92763.90384615384,164235.76753212794,2368.0,1200000.0,none
282,Lighting,True,2.0,25550.0,25550.0,9404.520189781082,18900.0,32200.0,none
283,Lighting,False,259.0,31500.0,93049.09266409266,164489.23033002805,2368.0,1200000.0,none
284,Line,True,1.0,32200.0,32200.0,,32200.0,32200.0,none
285,Line,False,260.0,31400.0,92763.90384615384,164235.76753212794,2368.0,1200000.0,none
286,Lip,True,8.0,27600.0,144087.5,231632.6860570416,15400.0,676800.0,none
287,Lip,False,253.0,32200.0,90901.64031620554,161739.66313883237,2368.0,1200000.0,none
288,Liquid,True,2.0,21513.0,21513.0,24306.088496506385,4326.0,38700.0,none
289,Liquid,False,259.0,31500.0,93080.2664092664,164470.08182113382,2368.0,1200000.0,none
290,Long hair,True,1.0,28300.0,28300.0,,28300.0,28300.0,none
291,Long hair,False,260.0,31850.0,92778.90384615384,164230.035172895,2368.0,1200000.0,none
292,Material property,True,2.0,25800.0,25800.0,12869.343417595164,16700.0,34900.0,none
293,Material property,False,259.0,31500.0,93047.16216216216,164489.11484597033,2368.0,1200000.0,none
294,Microphone,True,50.0,36150.0,77906.78,103374.10659511581,4149.0,520700.0,none
295,Microphone,False,211.0,31000.0,95997.51658767773,175294.42228119675,2368.0,1200000.0,none
296,Microphone stand,True,3.0,177300.0,161900.0,96525.79965998727,58600.0,249800.0,none
297,Microphone stand,False,258.0,31150.0,91725.25193798449,164524.1117178724,2368.0,1200000.0,none
298,Military person,True,1.0,54700.0,54700.0,,54700.0,54700.0,none
299,Military person,False,260.0,31400.0,92677.36538461539,164261.8271901264,2368.0,1200000.0,none
300,Military uniform,True,1.0,54700.0,54700.0,,54700.0,54700.0,none
301,Military uniform,False,260.0,31400.0,92677.36538461539,164261.8271901264,2368.0,1200000.0,none
302,Mobile phone,True,2.0,132900.0,132900.0,63215.34623807735,88200.0,177600.0,none
303,Mobile phone,False,259.0,31300.0,92220.13513513513,164511.02943640543,2368.0,1200000.0,none
304,Mode of transport,True,2.0,328000.0,328000.0,358220.29534910497,74700.0,581300.0,none
305,Mode of transport,False,259.0,31300.0,90713.57142857143,161745.4776850938,2368.0,1200000.0,none
306,Morning,True,2.0,12181.5,12181.5,13036.927724736377,2963.0,21400.0,none
307,Morning,False,259.0,32200.0,93152.32432432432,164441.49335550147,2368.0,1200000.0,none
308,Motor vehicle,True,11.0,44300.0,272164.63636363635,411860.91086245916,5511.0,1200000.0,none
309,Motor vehicle,False,250.0,31150.0,84628.016,140608.291083954,2368.0,910500.0,none
310,Motorcycle,True,1.0,5511.0,5511.0,,5511.0,5511.0,none
311,Motorcycle,False,260.0,31850.0,92866.55384615385,164189.35647390087,2368.0,1200000.0,none
312,Moustache,True,1.0,33400.0,33400.0,,33400.0,33400.0,none
313,Moustache,False,260.0,31400.0,92759.28846153847,164237.45908153048,2368.0,1200000.0,none
314,Mouth,True,16.0,22900.0,127923.8125,184982.5897830095,3969.0,676800.0,none
315,Mouth,False,245.0,32400.0,90220.54693877551,162651.34943303777,2368.0,1200000.0,none
316,Multimedia,True,2.0,30150.0,30150.0,9263.098833543772,23600.0,36700.0,none
317,Multimedia,False,259.0,31500.0,93013.57142857143,164503.3912059136,2368.0,1200000.0,none
318,Muscle,True,11.0,84400.0,228923.54545454544,346995.78164334036,3259.0,1200000.0,none
319,Muscle,False,250.0,30700.0,86530.624,149592.04510174165,2368.0,910500.0,none
320,Music,True,7.0,42500.0,86364.14285714286,83380.67122226945,4149.0,198100.0,none
321,Music,False,254.0,31400.0,92701.8346456693,165715.28528442225,2368.0,1200000.0,none
322,Music artist,True,9.0,25800.0,77827.66666666667,92423.6934665565,4149.0,249800.0,none
323,Music artist,False,252.0,31850.0,93057.00793650794,166034.22970460498,2368.0,1200000.0,none
324,Music venue,True,1.0,184300.0,184300.0,,184300.0,184300.0,none
325,Music venue,False,260.0,31400.0,92178.90384615384,164179.3382296901,2368.0,1200000.0,none
326,Musical instrument,True,6.0,86300.0,87666.66666666667,46013.63566016781,29100.0,143700.0,none
327,Musical instrument,False,255.0,31000.0,92646.33333333333,165760.3527910461,2368.0,1200000.0,none
328,Musician,True,3.0,95300.0,91966.66666666667,43895.02629379932,46500.0,134100.0,none
329,Musician,False,258.0,31150.0,92538.43023255814,164871.21181784585,2368.0,1200000.0,none
330,Natural environment,True,1.0,5682.0,5682.0,,5682.0,5682.0,none
331,Natural environment,False,260.0,31850.0,92865.89615384616,164189.7073990466,2368.0,1200000.0,none
332,Nature,True,2.0,41200.0,41200.0,35779.60312803931,15900.0,66500.0,none
333,Nature,False,259.0,31500.0,92928.24324324324,164519.1544114615,2368.0,1200000.0,none
334,Neck,True,7.0,248500.0,162151.14285714287,141009.50550397724,3958.0,312100.0,none
335,Neck,False,254.0,31400.0,90613.21653543306,164372.03817772644,2368.0,1200000.0,none
336,News,True,9.0,29000.0,167667.88888888888,255708.13128469558,8911.0,767700.0,none
337,News,False,252.0,31850.0,89848.42857142857,159856.0689481405,2368.0,1200000.0,none
338,Non-commissioned officer,True,1.0,54700.0,54700.0,,54700.0,54700.0,none
339,Non-commissioned officer,False,260.0,31400.0,92677.36538461539,164261.8271901264,2368.0,1200000.0,none
340,Nose,True,40.0,16350.0,71094.75,130051.0531005085,3958.0,676800.0,none
341,Nose,False,221.0,33400.0,96411.8778280543,169336.06221518232,2368.0,1200000.0,none
342,Official,True,5.0,54700.0,198360.0,315231.5466446847,16300.0,759100.0,none
343,Official,False,256.0,31150.0,90464.90234375,160088.03769909634,2368.0,1200000.0,none
344,Organ,True,9.0,11800.0,54505.22222222222,92851.77262144457,2937.0,283000.0,none
345,Organ,False,252.0,32500.0,93889.95238095238,165889.01657041349,2368.0,1200000.0,none
346,Organism,True,4.0,16413.0,17702.75,16122.5522250666,3485.0,34500.0,none
347,Organism,False,257.0,32200.0,93696.51361867704,164960.1663658415,2368.0,1200000.0,none
348,Outerwear,True,7.0,54700.0,101600.0,141685.08507719976,10800.0,418400.0,none
349,Outerwear,False,254.0,31000.0,92281.94881889764,164769.83337102682,2368.0,1200000.0,none
350,Packaged goods,True,1.0,38700.0,38700.0,,38700.0,38700.0,none
351,Packaged goods,False,260.0,31400.0,92738.90384615384,164244.52340673812,2368.0,1200000.0,none
352,Pants,True,10.0,55350.0,80624.0,82730.85950639378,5384.0,240900.0,none
353,Pants,False,251.0,31300.0,93006.2749003984,166453.44374131804,2368.0,1200000.0,none
354,People,True,5.0,21800.0,35966.6,39319.04281388345,6533.0,105100.0,none
355,People,False,256.0,32300.0,93636.6484375,165295.53685642086,2368.0,1200000.0,none
356,Performing arts,True,5.0,42500.0,81120.0,73952.90393216483,18900.0,184300.0,none
357,Performing arts,False,256.0,31400.0,92754.74609375,165294.99778612683,2368.0,1200000.0,none
358,Person,True,118.0,33400.0,111747.82203389831,188720.23311777646,2937.0,1200000.0,none
359,Person,False,143.0,28400.0,76675.32867132867,138991.3807671042,2368.0,910500.0,none
360,Personal protective equipment,True,2.0,136900.0,136900.0,54447.222151364156,98400.0,175400.0,none
361,Personal protective equipment,False,259.0,31300.0,92189.2471042471,164515.1354581773,2368.0,1200000.0,none
362,Pet supply,True,1.0,145400.0,145400.0,,145400.0,145400.0,none
363,Pet supply,False,260.0,31400.0,92328.51923076923,164245.7366799286,2368.0,1200000.0,none
364,Photograph,True,6.0,37350.0,102966.66666666667,113191.26585857527,23500.0,283000.0,none
365,Photograph,False,255.0,31300.0,92286.33333333333,165117.8445359063,2368.0,1200000.0,none
366,Pink,True,1.0,28800.0,28800.0,,28800.0,28800.0,none
367,Pink,False,260.0,31850.0,92776.98076923077,164230.79016196556,2368.0,1200000.0,none
368,Plant,True,13.0,14300.0,31684.30769230769,54981.06501997547,5511.0,208300.0,none
369,Plant,False,248.0,32650.0,95721.44758064517,167172.62651243494,2368.0,1200000.0,none
370,Player,True,4.0,34450.0,80050.0,107654.15303956771,10700.0,240600.0,none
371,Player,False,257.0,31500.0,92726.12840466926,164819.50492981003,2368.0,1200000.0,none
372,Plucked string instruments,True,2.0,70900.0,70900.0,34506.81092190352,46500.0,95300.0,none
373,Plucked string instruments,False,259.0,31300.0,92698.89961389962,164571.64778491174,2368.0,1200000.0,none
374,Portable communications device,True,1.0,177600.0,177600.0,,177600.0,177600.0,none
375,Portable communications device,False,260.0,31400.0,92204.67307692308,164193.32271814454,2368.0,1200000.0,none
376,Poster,True,3.0,15600.0,15233.333333333334,4261.8462352991255,10800.0,19300.0,none
377,Poster,False,258.0,32300.0,93430.67829457365,164702.19922260847,2368.0,1200000.0,none
378,Product,True,23.0,20800.0,50264.52173913043,133085.19822411425,4373.0,657600.0,none
379,Product,False,238.0,32750.0,96616.51680672269,166308.18172090652,2368.0,1200000.0,none
380,Projection screen,True,1.0,184300.0,184300.0,,184300.0,184300.0,none
381,Projection screen,False,260.0,31400.0,92178.90384615384,164179.3382296901,2368.0,1200000.0,none
382,Property,True,1.0,18200.0,18200.0,,18200.0,18200.0,none
383,Property,False,260.0,31850.0,92817.75,164213.52021207951,2368.0,1200000.0,none
384,Public address system,True,20.0,30100.0,93982.45,133330.84020407163,4149.0,520700.0,none
385,Public address system,False,241.0,32200.0,92411.47717842324,166482.6133347479,2368.0,1200000.0,none
386,Public space,True,3.0,15900.0,25233.333333333332,21108.84490760528,10400.0,49400.0,none
387,Public space,False,258.0,31850.0,93314.3992248062,164743.9331324848,2368.0,1200000.0,none
388,Public speaking,True,2.0,286650.0,286650.0,330996.68427342287,52600.0,520700.0,none
389,Public speaking,False,259.0,31300.0,91032.87644787645,162397.93196486615,2368.0,1200000.0,none
390,Publication,True,18.0,13550.0,44033.27777777778,74905.5304938518,2937.0,313300.0,none
391,Publication,False,243.0,32600.0,96124.34567901235,168229.75763158203,2368.0,1200000.0,none
392,Purple,True,1.0,4977.0,4977.0,,4977.0,4977.0,none
393,Purple,False,260.0,31850.0,92868.60769230769,164188.25615405975,2368.0,1200000.0,none
394,Rage,True,3.0,208300.0,178800.0,128514.94076565573,38100.0,290000.0,none
395,Rage,False,258.0,31150.0,91528.74031007753,164259.2485051039,2368.0,1200000.0,none
396,Ratite,True,1.0,7828.0,7828.0,,7828.0,7828.0,none
397,Ratite,False,260.0,31850.0,92857.64230769231,164194.05265709342,2368.0,1200000.0,none
398,Real estate,True,1.0,18200.0,18200.0,,18200.0,18200.0,none
399,Real estate,False,260.0,31850.0,92817.75,164213.52021207951,2368.0,1200000.0,none
400,Recreation,True,8.0,26850.0,45778.875,58806.958831265394,2647.0,175400.0,none
401,Recreation,False,253.0,32200.0,94010.21343873518,166040.6549542037,2368.0,1200000.0,none
402,Residential area,True,2.0,38400.0,38400.0,28567.11395993652,18200.0,58600.0,none
403,Residential area,False,259.0,31500.0,92949.86486486487,164517.61058872315,2368.0,1200000.0,none
404,Road surface,True,1.0,5511.0,5511.0,,5511.0,5511.0,none
405,Road surface,False,260.0,31850.0,92866.55384615385,164189.35647390087,2368.0,1200000.0,none
406,Sad,True,5.0,208300.0,230980.0,260915.7948457701,13600.0,657600.0,none
407,Sad,False,256.0,31400.0,89827.79296875,161120.36349998947,2368.0,1200000.0,none
408,Screenshot,True,5.0,23700.0,34580.0,30483.06086993234,12200.0,86900.0,none
409,Screenshot,False,256.0,31850.0,93663.73046875,165315.19894121692,2368.0,1200000.0,none
410,Security,True,1.0,9152.0,9152.0,,9152.0,9152.0,none
411,Security,False,260.0,31850.0,92852.55,164196.67923405668,2368.0,1200000.0,none
412,Shade,True,1.0,33400.0,33400.0,,33400.0,33400.0,none
413,Shade,False,260.0,31400.0,92759.28846153847,164237.45908153048,2368.0,1200000.0,none
414,Sharing,True,4.0,6633.0,104583.75,197681.50586465257,3969.0,401100.0,none
415,Sharing,False,257.0,32200.0,92344.28015564202,163839.87615537527,2368.0,1200000.0,none
416,Shelf,True,13.0,13500.0,31390.76923076923,40256.32850487371,2937.0,117700.0,none
417,Shelf,False,248.0,32650.0,95736.83467741935,167370.34910498082,2368.0,1200000.0,none
418,Shelving,True,9.0,9521.0,15253.333333333334,16362.118307236384,2937.0,55500.0,less
419,Shelving,False,252.0,32650.0,95291.80555555556,166184.65472718806,2368.0,1200000.0,less
420,Shirt,True,5.0,41800.0,88949.8,117704.5874220712,4149.0,292600.0,none
421,Shirt,False,256.0,31400.0,92601.8203125,164903.75523092767,2368.0,1200000.0,none
422,Shoe,True,5.0,33400.0,91160.0,115550.80268003335,16600.0,292600.0,none
423,Shoe,False,256.0,31400.0,92558.65234375,164928.31131114307,2368.0,1200000.0,none
424,Shorts,True,8.0,15950.0,62963.75,85145.61096439441,2647.0,240600.0,none
425,Shorts,False,253.0,32200.0,93466.81818181818,165852.74453839826,2368.0,1200000.0,none
426,Shoulder,True,1.0,251900.0,251900.0,,251900.0,251900.0,none
427,Shoulder,False,260.0,31400.0,91918.90384615384,163978.82624283884,2368.0,1200000.0,none
428,Skin,True,4.0,74550.0,93425.0,79907.5038195204,26900.0,197700.0,none
429,Skin,False,257.0,31300.0,92517.95719844358,165011.8649277905,2368.0,1200000.0,none
430,Skirt,True,1.0,28800.0,28800.0,,28800.0,28800.0,none
431,Skirt,False,260.0,31850.0,92776.98076923077,164230.79016196556,2368.0,1200000.0,none
432,Sky,True,22.0,16650.0,32298.954545454544,41058.40923956443,2963.0,175600.0,none
433,Sky,False,239.0,32700.0,98076.30962343096,169863.965056682,2368.0,1200000.0,none
434,Skyscraper,True,2.0,49650.0,49650.0,23829.49852598665,32800.0,66500.0,none
435,Skyscraper,False,259.0,31300.0,92862.99227799228,164546.44382529307,2368.0,1200000.0,none
436,Sleeve,True,53.0,36000.0,92780.75471698113,130678.16439516081,3259.0,632300.0,none
437,Sleeve,False,208.0,30700.0,92468.4375,171689.02957462444,2368.0,1200000.0,none
438,Smile,True,28.0,64450.0,189753.35714285713,283213.8045647067,6533.0,1200000.0,none
439,Smile,False,233.0,30400.0,80848.58798283261,139698.3955742792,2368.0,910500.0,none
440,Snapshot,True,1.0,208300.0,208300.0,,208300.0,208300.0,none
441,Snapshot,False,260.0,31400.0,92086.59615384616,164120.53489471038,2368.0,1200000.0,none
442,Snout,True,1.0,145400.0,145400.0,,145400.0,145400.0,none
443,Snout,False,260.0,31400.0,92328.51923076923,164245.7366799286,2368.0,1200000.0,none
444,Social group,True,3.0,21800.0,20333.333333333332,9287.26726940349,10400.0,28800.0,none
445,Social group,False,258.0,32300.0,93371.37596899224,164727.92129146153,2368.0,1200000.0,none
446,Speaker,True,1.0,52100.0,52100.0,,52100.0,52100.0,none
447,Speaker,False,260.0,31400.0,92687.36538461539,164259.42649097485,2368.0,1200000.0,none
448,Speech,True,2.0,245350.0,245350.0,6293.250352560273,240900.0,249800.0,none
449,Speech,False,259.0,31300.0,91351.79536679537,164041.19128641824,2368.0,1200000.0,none
450,Spokesperson,True,40.0,37050.0,102198.725,154475.95435950998,4149.0,759100.0,none
451,Spokesperson,False,221.0,30300.0,90782.19909502262,165895.59659317555,2368.0,1200000.0,none
452,Sport venue,True,1.0,49400.0,49400.0,,49400.0,49400.0,none
453,Sport venue,False,260.0,31400.0,92697.75,164256.76458857683,2368.0,1200000.0,none
454,Sports,True,1.0,31000.0,31000.0,,31000.0,31000.0,none
455,Sports,False,260.0,31850.0,92768.51923076923,164234.0419819161,2368.0,1200000.0,none
456,Sports equipment,True,1.0,98400.0,98400.0,,98400.0,98400.0,none
457,Sports equipment,False,260.0,31400.0,92509.28846153847,164278.30569001997,2368.0,1200000.0,none
458,Sports jersey,True,2.0,144900.0,144900.0,151320.85117392117,37900.0,251900.0,none
459,Sports jersey,False,259.0,31300.0,92127.47104247104,164261.7505448905,2368.0,1200000.0,none
460,Sports uniform,True,2.0,44750.0,44750.0,9687.362902255702,37900.0,51600.0,none
461,Sports uniform,False,259.0,31300.0,92900.83011583012,164541.4810195139,2368.0,1200000.0,none
462,Sportswear,True,7.0,84400.0,106309.57142857143,102533.95539016518,8667.0,251900.0,none
463,Sportswear,False,254.0,31150.0,92152.15748031496,165447.25086962015,2368.0,1200000.0,none
464,Squeezebox,True,1.0,77300.0,77300.0,,77300.0,77300.0,none
465,Squeezebox,False,260.0,31400.0,92590.44230769231,164275.97496533487,2368.0,1200000.0,none
466,Stadium,True,1.0,49400.0,49400.0,,49400.0,49400.0,none
467,Stadium,False,260.0,31400.0,92697.75,164256.76458857683,2368.0,1200000.0,none
468,Standing,True,4.0,22100.0,32102.0,32316.439820417512,6908.0,77300.0,none
469,Standing,False,257.0,31500.0,93472.40077821011,165025.9659704359,2368.0,1200000.0,none
470,Street light,True,1.0,2963.0,2963.0,,2963.0,2963.0,none
471,Street light,False,260.0,31850.0,92876.35384615384,164184.04562120562,2368.0,1200000.0,none
472,String instrument,True,2.0,70900.0,70900.0,34506.81092190352,46500.0,95300.0,none
473,String instrument,False,259.0,31300.0,92698.89961389962,164571.64778491174,2368.0,1200000.0,none
474,String instrument accessory,True,1.0,95300.0,95300.0,,95300.0,95300.0,none
475,String instrument accessory,False,260.0,31400.0,92521.21153846153,164278.621514182,2368.0,1200000.0,none
476,Stuffed toy,True,1.0,145400.0,145400.0,,145400.0,145400.0,none
477,Stuffed toy,False,260.0,31400.0,92328.51923076923,164245.7366799286,2368.0,1200000.0,none
478,Suit,True,35.0,28800.0,68621.0,101104.19192449878,5086.0,409400.0,none
479,Suit,False,226.0,32500.0,96234.86725663717,171517.43415864324,2368.0,1200000.0,none
480,Suit trousers,True,1.0,23600.0,23600.0,,23600.0,23600.0,none
481,Suit trousers,False,260.0,31850.0,92796.98076923077,164222.64969939197,2368.0,1200000.0,none
482,Summer,True,2.0,16650.0,16650.0,1909.1883092036783,15300.0,18000.0,none
483,Summer,False,259.0,32200.0,93117.81853281854,164460.03458556594,2368.0,1200000.0,none
484,Sunglasses,True,3.0,58600.0,77696.66666666667,82627.01757496354,6290.0,168200.0,none
485,Sunglasses,False,258.0,31400.0,92704.36046511628,164747.64192977722,2368.0,1200000.0,none
486,T-shirt,True,35.0,33400.0,70551.4857142857,89581.21822135402,2647.0,394000.0,none
487,T-shirt,False,226.0,31000.0,95935.8982300885,172528.7695843947,2368.0,1200000.0,none
488,Table,True,4.0,27200.0,42057.25,43000.45089201585,8729.0,105100.0,none
489,Table,False,257.0,32200.0,93317.45525291828,165050.47501713462,2368.0,1200000.0,none
490,Table top,True,3.0,30400.0,31543.0,23406.440288946116,8729.0,55500.0,none
491,Table top,False,258.0,31850.0,93241.03100775194,164770.52611297832,2368.0,1200000.0,none
492,Tartan,True,1.0,33400.0,33400.0,,33400.0,33400.0,none
493,Tartan,False,260.0,31400.0,92759.28846153847,164237.45908153048,2368.0,1200000.0,none
494,Team,True,2.0,122373.5,122373.5,167197.51973190272,4147.0,240600.0,none
495,Team,False,259.0,31500.0,92301.42084942084,164246.1218269412,2368.0,1200000.0,none
496,Technology,True,6.0,35600.0,41583.333333333336,22923.386893447198,23600.0,86900.0,none
497,Technology,False,255.0,31300.0,93730.64705882352,165667.26058679074,2368.0,1200000.0,none
498,Telephony,True,1.0,88200.0,88200.0,,88200.0,88200.0,none
499,Telephony,False,260.0,31400.0,92548.51923076923,164278.49054386362,2368.0,1200000.0,none
500,Television,True,1.0,208300.0,208300.0,,208300.0,208300.0,none
501,Television,False,260.0,31400.0,92086.59615384616,164120.53489471038,2368.0,1200000.0,none
502,Television presenter,True,4.0,56900.0,63200.0,34048.88642329829,29000.0,110000.0,none
503,Television presenter,False,257.0,31300.0,92988.38521400778,165156.0374684165,2368.0,1200000.0,none
504,Television program,True,4.0,56900.0,65125.0,31600.4614945204,36700.0,110000.0,none
505,Television program,False,257.0,31000.0,92958.42412451362,165166.9867462355,2368.0,1200000.0,none
506,Terrestrial plant,True,2.0,21813.0,21813.0,24730.352565218313,4326.0,39300.0,none
507,Terrestrial plant,False,259.0,31500.0,93077.94980694981,164470.84648954,2368.0,1200000.0,none
508,Textile,True,1.0,10700.0,10700.0,,10700.0,10700.0,none
509,Textile,False,260.0,31850.0,92846.59615384616,164199.69766217534,2368.0,1200000.0,none
510,Thigh,True,5.0,18300.0,32793.4,30528.230669332934,8667.0,84400.0,none
511,Thigh,False,256.0,31850.0,93698.625,165302.35447166054,2368.0,1200000.0,none
512,Thoroughfare,True,4.0,45700.0,42902.75,30318.73618050946,5511.0,74700.0,none
513,Thoroughfare,False,257.0,31300.0,93304.29571984436,165087.5482786937,2368.0,1200000.0,none
514,Thumb,True,10.0,42250.0,112930.0,131866.6839400056,27200.0,394000.0,none
515,Thumb,False,251.0,31300.0,91719.18326693228,165274.7438617718,2368.0,1200000.0,none
516,Tie,True,64.0,41000.0,98086.0625,147160.26489693375,3958.0,759100.0,none
517,Tie,False,197.0,31000.0,90727.44670050761,169374.72717364412,2368.0,1200000.0,none
518,Tile flooring,True,1.0,910500.0,910500.0,,910500.0,910500.0,none
519,Tile flooring,False,260.0,31400.0,89385.82692307692,156186.65225553792,2368.0,1200000.0,none
520,Tints and shades,True,2.0,491850.0,491850.0,592060.5078874963,73200.0,910500.0,none
521,Tints and shades,False,259.0,31300.0,89448.32046332046,156485.78985787628,2368.0,1200000.0,none
522,Tire,True,2.0,302450.0,302450.0,394353.4518677376,23600.0,581300.0,none
523,Tire,False,259.0,31500.0,90910.86872586873,161694.4530434531,2368.0,1200000.0,none
524,Toddler,True,1.0,657600.0,657600.0,,657600.0,657600.0,none
525,Toddler,False,260.0,31400.0,90358.51923076923,160467.8387489057,2368.0,1200000.0,none
526,Top,True,17.0,33400.0,148179.5294117647,290571.9047391965,9152.0,1200000.0,none
527,Top,False,244.0,31400.0,88654.76639344262,151569.80624952062,2368.0,910500.0,none
528,Tower block,True,3.0,58600.0,52633.333333333336,17624.509449438112,32800.0,66500.0,none
529,Tower block,False,258.0,31150.0,92995.7945736434,164852.35462875973,2368.0,1200000.0,none
530,Toy,True,1.0,145400.0,145400.0,,145400.0,145400.0,none
531,Toy,False,260.0,31400.0,92328.51923076923,164245.7366799286,2368.0,1200000.0,none
532,Travel,True,5.0,41200.0,49180.0,28690.887054951785,18000.0,83500.0,none
533,Travel,False,256.0,31400.0,93378.57421875,165409.6297726699,2368.0,1200000.0,none
534,Tree,True,14.0,27100.0,123826.85714285714,253919.25804865218,5511.0,837500.0,none
535,Tree,False,247.0,31500.0,90758.05263157895,157947.9428674724,2368.0,1200000.0,none
536,Tripod,True,1.0,5086.0,5086.0,,5086.0,5086.0,none
537,Tripod,False,260.0,31850.0,92868.18846153846,164188.4812985567,2368.0,1200000.0,none
538,Trousers,True,2.0,83650.0,83650.0,84923.52442050436,23600.0,143700.0,none
539,Trousers,False,259.0,31500.0,92600.44401544401,164509.9635888348,2368.0,1200000.0,none
540,Trunk,True,1.0,31500.0,31500.0,,31500.0,31500.0,none
541,Trunk,False,260.0,31750.0,92766.59615384616,164234.7650932821,2368.0,1200000.0,none
542,Urban design,True,7.0,32800.0,39114.28571428572,27075.722740210684,11200.0,74700.0,none
543,Urban design,False,254.0,31400.0,94003.99606299213,165918.66857243577,2368.0,1200000.0,none
544,Vehicle,True,4.0,89600.0,191502.75,266930.4828919258,5511.0,581300.0,none
545,Vehicle,False,257.0,31300.0,90991.45525291828,162213.8687033569,2368.0,1200000.0,none
546,Vertebrate,True,1.0,6533.0,6533.0,,6533.0,6533.0,none
547,Vertebrate,False,260.0,31850.0,92862.62307692308,164191.44353964808,2368.0,1200000.0,none
548,Vest,True,1.0,128000.0,128000.0,,128000.0,128000.0,none
549,Vest,False,260.0,31400.0,92395.44230769231,164263.871267848,2368.0,1200000.0,none
550,Video camera,True,1.0,5086.0,5086.0,,5086.0,5086.0,none
551,Video camera,False,260.0,31850.0,92868.18846153846,164188.4812985567,2368.0,1200000.0,none
552,Violet,True,1.0,4977.0,4977.0,,4977.0,4977.0,none
553,Violet,False,260.0,31850.0,92868.60769230769,164188.25615405975,2368.0,1200000.0,none
554,Vision care,True,14.0,55350.0,92797.85714285714,112681.88435172242,2937.0,418400.0,none
555,Vision care,False,247.0,31000.0,92516.78137651822,166561.3063064558,2368.0,1200000.0,none
556,Visual effect lighting,True,2.0,159200.0,159200.0,35496.760415564684,134100.0,184300.0,none
557,Visual effect lighting,False,259.0,31300.0,92017.04633204633,164476.42214280154,2368.0,1200000.0,none
558,Waist,True,1.0,33400.0,33400.0,,33400.0,33400.0,none
559,Waist,False,260.0,31400.0,92759.28846153847,164237.45908153048,2368.0,1200000.0,none
560,Watch,True,7.0,88200.0,292681.0,429592.6156569733,8667.0,1200000.0,none
561,Watch,False,254.0,31400.0,87015.93700787402,148700.78399426767,2368.0,910500.0,none
562,Water,True,4.0,20350.0,25565.75,23576.818252611327,2963.0,58600.0,none
563,Water,False,257.0,32200.0,93574.13229571984,165003.27443807627,2368.0,1200000.0,none
564,Water resources,True,1.0,58600.0,58600.0,,58600.0,58600.0,none
565,Water resources,False,260.0,31400.0,92662.36538461539,164265.12910531458,2368.0,1200000.0,none
566,Wheel,True,1.0,23600.0,23600.0,,23600.0,23600.0,none
567,Wheel,False,260.0,31850.0,92796.98076923077,164222.64969939197,2368.0,1200000.0,none
568,White,True,2.0,49100.0,49100.0,49921.73875177025,13800.0,84400.0,none
569,White,False,259.0,31500.0,92867.23938223938,164522.65092324125,2368.0,1200000.0,none
570,White-collar worker,True,10.0,40500.0,66422.1,84621.89482692999,9521.0,292600.0,none
571,White-collar worker,False,251.0,31300.0,93572.08764940238,166351.73183608364,2368.0,1200000.0,none
572,Window,True,3.0,159300.0,341700.0,434342.58368251205,28300.0,837500.0,none
573,Window,False,258.0,31400.0,89634.5542635659,158101.99949709533,2368.0,1200000.0,none
574,Window blind,True,1.0,21800.0,21800.0,,21800.0,21800.0,none
575,Window blind,False,260.0,31850.0,92803.90384615384,164219.68306267957,2368.0,1200000.0,none
576,Wood,True,2.0,459614.5,459614.5,637648.3891773742,8729.0,910500.0,none
577,Wood,False,259.0,31500.0,89697.24324324324,156408.14944867796,2368.0,1200000.0,none
578,Working animal,True,1.0,7828.0,7828.0,,7828.0,7828.0,none
579,Working animal,False,260.0,31850.0,92857.64230769231,164194.05265709342,2368.0,1200000.0,none
580,World,True,29.0,32200.0,49359.93103448276,55796.6688015711,3485.0,240900.0,none
581,World,False,232.0,31400.0,97928.34913793103,172099.12033723938,2368.0,1200000.0,none
582,Wrinkle,True,7.0,31000.0,61489.71428571428,77906.32285361328,5828.0,217600.0,none
583,Wrinkle,False,254.0,31850.0,93387.35039370079,165699.0663034921,2368.0,1200000.0,none
584,Wrist,True,1.0,8667.0,8667.0,,8667.0,8667.0,none
585,Wrist,False,260.0,31850.0,92854.41538461538,164195.72188912734,2368.0,1200000.0,none
586,Yellow,True,6.0,40950.0,136086.5,255986.78445087746,8219.0,657600.0,none
587,Yellow,False,255.0,31300.0,91507.0431372549,161811.41485678573,2368.0,1200000.0,none
588,Youth,True,5.0,14300.0,15840.8,11312.962286686896,3485.0,32400.0,none
589,Youth,False,256.0,32400.0,94029.73046875,165200.61911229003,2368.0,1200000.0,none
