,Tag,Presence,Count,Median,Mean,Std,Min,Max,Classification
0,2D barcode,True,1.0,268287.0,268287.0,,268287.0,268287.0,none
1,2D barcode,False,1031.0,351779.0,514585.69738118333,517502.73506568605,15445.0,5678920.0,none
2,Abdomen,True,1.0,453466.0,453466.0,,453466.0,453466.0,none
3,Abdomen,False,1031.0,351196.0,514406.0863239573,517556.10117109487,15445.0,5678920.0,none
4,Adaptation,True,57.0,335362.0,422339.98245614034,381825.70025786693,15445.0,2040971.0,none
5,Adaptation,False,975.0,354109.0,519725.90974358976,523796.10481412295,16194.0,5678920.0,none
6,Advertising,True,8.0,279487.5,429317.875,421848.063692008,81965.0,1406229.0,none
7,Advertising,False,1024.0,351916.0,515011.326171875,518098.6136265874,15445.0,5678920.0,none
8,Agriculture,True,2.0,252099.0,252099.0,4214.356415871824,249119.0,255079.0,none
9,Agriculture,False,1030.0,351916.0,514856.25533980585,517681.6494399907,15445.0,5678920.0,none
10,Air travel,True,3.0,92528.0,276907.0,347069.35938368284,60940.0,677253.0,none
11,Air travel,False,1029.0,351779.0,515039.2808551992,517677.2209174732,15445.0,5678920.0,none
12,Aircraft,True,1.0,152824.0,152824.0,,152824.0,152824.0,none
13,Aircraft,False,1031.0,351779.0,514697.6886517944,517436.86056947213,15445.0,5678920.0,none
14,Amber,True,1.0,1149049.0,1149049.0,,1149049.0,1149049.0,none
15,Amber,False,1031.0,351196.0,513731.41804073716,517181.23259943293,15445.0,5678920.0,none
16,Applause,True,1.0,394760.0,394760.0,,394760.0,394760.0,none
17,Applause,False,1031.0,351196.0,514463.02715809894,517546.15437029646,15445.0,5678920.0,none
18,Aqua,True,3.0,161444.0,347299.6666666667,353453.3986062849,125549.0,754906.0,none
19,Aqua,False,1029.0,351779.0,514834.0544217687,517749.3011648209,15445.0,5678920.0,none
20,Architecture,True,4.0,510409.0,518056.25,307568.97907231044,210054.0,841353.0,none
21,Architecture,False,1028.0,351487.5,514332.60311284044,518048.2680185228,15445.0,5678920.0,none
22,Arm,True,16.0,359938.5,432368.4375,328432.9204094232,47343.0,1086304.0,none
23,Arm,False,1016.0,351003.0,515638.0374015748,519735.3566262179,15445.0,5678920.0,none
24,Army,True,1.0,293731.0,293731.0,,293731.0,293731.0,none
25,Army,False,1031.0,351779.0,514561.01842871,517513.88410391,15445.0,5678920.0,none
26,Art,True,22.0,269537.0,322395.6818181818,296363.8683625227,75659.0,1435469.0,none
27,Art,False,1010.0,354539.0,518528.15445544553,520378.7991323056,15445.0,5678920.0,none
28,Artist,True,2.0,1455102.0,1455102.0,1944535.1629816315,80108.0,2830096.0,none
29,Artist,False,1030.0,351487.5,512520.327184466,512572.03500965645,15445.0,5678920.0,none
30,Asphalt,True,18.0,468269.0,529359.5,334415.2595049964,130980.0,1475104.0,none
31,Asphalt,False,1014.0,348154.5,514080.54240631167,520079.212326053,15445.0,5678920.0,none
32,Astronomical object,True,1.0,152280.0,152280.0,,152280.0,152280.0,none
33,Astronomical object,False,1031.0,351779.0,514698.21629485936,517436.4909216919,15445.0,5678920.0,none
34,Atmosphere,True,1.0,193767.0,193767.0,,193767.0,193767.0,none
35,Atmosphere,False,1031.0,351779.0,514657.9767216295,517463.085546089,15445.0,5678920.0,none
36,Audio equipment,True,30.0,438166.5,573091.7,521838.52321986173,50251.0,2594701.0,none
37,Audio equipment,False,1002.0,347548.5,512588.2135728543,517332.1460595424,15445.0,5678920.0,none
38,Automotive design,True,14.0,549532.5,811567.9285714285,884001.9832818393,78726.0,3518737.0,none
39,Automotive design,False,1018.0,348793.5,510259.5186640472,509970.6083486256,15445.0,5678920.0,none
40,Automotive exterior,True,5.0,274899.0,519214.2,512492.072716447,85093.0,1378583.0,none
41,Automotive exterior,False,1027.0,351779.0,514323.3398247322,517579.1282173014,15445.0,5678920.0,none
42,Automotive lighting,True,6.0,532612.5,670070.1666666666,407667.1414678483,274899.0,1378583.0,none
43,Automotive lighting,False,1026.0,349852.5,513436.37426900584,517900.6835502525,15445.0,5678920.0,none
44,Automotive tire,True,18.0,309783.5,554242.9444444445,796672.5749785772,44106.0,3518737.0,none
45,Automotive tire,False,1014.0,352703.5,513638.82445759367,511549.8355947016,15445.0,5678920.0,none
46,Automotive wheel system,True,1.0,477579.0,477579.0,,477579.0,477579.0,none
47,Automotive wheel system,False,1031.0,351196.0,514382.6983511154,517558.3117947693,15445.0,5678920.0,none
48,Award ceremony,True,1.0,76036.0,76036.0,,76036.0,76036.0,none
49,Award ceremony,False,1031.0,351779.0,514772.1677982541,517379.1820756381,15445.0,5678920.0,none
50,Azure,True,6.0,128696.0,237796.5,269199.2016390465,30580.0,754906.0,none
51,Azure,False,1026.0,352703.5,515964.2904483431,518045.1545729641,15445.0,5678920.0,none
52,Ball,True,2.0,478445.0,478445.0,274282.47778157465,284498.0,672392.0,none
53,Ball,False,1030.0,351487.5,514416.7485436893,517737.98178185744,15445.0,5678920.0,none
54,Balloon,True,4.0,311958.0,374530.5,228687.9375531935,175397.0,698809.0,none
55,Balloon,False,1028.0,351487.5,514891.06906614784,518093.806059865,15445.0,5678920.0,none
56,Banana,True,1.0,266421.0,266421.0,,266421.0,266421.0,none
57,Banana,False,1031.0,351779.0,514587.5072744908,517501.86956409883,15445.0,5678920.0,none
58,Bank,True,1.0,257890.0,257890.0,,257890.0,257890.0,none
59,Bank,False,1031.0,351779.0,514595.78176527645,517497.8293532732,15445.0,5678920.0,none
60,Barechested,True,1.0,322615.0,322615.0,,322615.0,322615.0,none
61,Barechested,False,1031.0,351779.0,514533.0029097963,517525.0668488117,15445.0,5678920.0,none
62,Baseball cap,True,20.0,400257.0,490152.2,424339.0608362982,77432.0,1554575.0,none
63,Baseball cap,False,1012.0,351003.0,514825.1946640316,519139.9045838682,15445.0,5678920.0,none
64,Beard,True,87.0,263254.0,399180.9195402299,367381.31506430364,35930.0,1976500.0,none
65,Beard,False,945.0,358292.0,524949.6306878307,527863.9471391609,15445.0,5678920.0,none
66,Beauty,True,2.0,439405.0,439405.0,499234.358080451,86393.0,792417.0,none
67,Beauty,False,1030.0,351487.5,514492.55436893203,517566.5082806232,15445.0,5678920.0,none
68,Belt,True,3.0,84377.0,386753.3333333333,536151.6681614759,70090.0,1005793.0,none
69,Belt,False,1029.0,351779.0,514719.02915451897,517476.721235731,15445.0,5678920.0,none
70,Bench,True,1.0,1341487.0,1341487.0,,1341487.0,1341487.0,none
71,Bench,False,1031.0,351196.0,513544.76624636276,516916.86190113134,15445.0,5678920.0,none
72,Biome,True,2.0,286417.0,286417.0,84616.64007746939,226584.0,346250.0,none
73,Biome,False,1030.0,351916.0,514789.61844660196,517706.58525154705,15445.0,5678920.0,none
74,Bird,True,1.0,583381.0,583381.0,,583381.0,583381.0,none
75,Bird,False,1031.0,351196.0,514280.07759456837,517555.1067514011,15445.0,5678920.0,none
76,Bishop,True,1.0,811334.0,811334.0,,811334.0,811334.0,none
77,Bishop,False,1031.0,351196.0,514058.9786614937,517476.7671579435,15445.0,5678920.0,none
78,Black,True,3.0,156850.0,231096.66666666666,137134.72758325416,147094.0,389346.0,none
79,Black,False,1029.0,351779.0,515172.8386783285,517800.7890887246,15445.0,5678920.0,none
80,Black hair,True,2.0,217331.0,217331.0,1377.4440097513946,216357.0,218305.0,none
81,Black hair,False,1030.0,351916.0,514923.7660194175,517645.0900076714,15445.0,5678920.0,none
82,Blazer,True,133.0,497943.0,745786.962406015,769755.4162631731,45729.0,5678920.0,greater
83,Blazer,False,899.0,338224.0,480107.3136818687,459389.6014916616,15445.0,3770821.0,greater
84,Blue,True,66.0,261052.5,366865.86363636365,358334.73714983684,30580.0,2134880.0,less
85,Blue,False,966.0,355707.5,524423.3892339545,525045.3568517278,15445.0,5678920.0,less
86,Blurred,True,129.0,350810.0,559053.5813953489,669298.6722738994,28892.0,5678920.0,none
87,Blurred,False,903.0,351779.0,507960.3864894795,491919.5448618469,15445.0,3770821.0,none
88,Boat,True,1.0,130980.0,130980.0,,130980.0,130980.0,none
89,Boat,False,1031.0,351779.0,514718.8758486906,517421.5804336522,15445.0,5678920.0,none
90,Body of water,True,1.0,257890.0,257890.0,,257890.0,257890.0,none
91,Body of water,False,1031.0,351779.0,514595.78176527645,517497.8293532732,15445.0,5678920.0,none
92,Bodybuilder,True,1.0,942724.0,942724.0,,942724.0,942724.0,none
93,Bodybuilder,False,1031.0,351196.0,513931.5392822502,517387.2680347688,15445.0,5678920.0,none
94,Bodybuilding,True,1.0,942724.0,942724.0,,942724.0,942724.0,none
95,Bodybuilding,False,1031.0,351196.0,513931.5392822502,517387.2680347688,15445.0,5678920.0,none
96,Book,True,15.0,238745.0,232742.53333333333,166981.54174034015,45729.0,702760.0,less
97,Book,False,1017.0,355107.0,518500.49459193705,519602.49122462154,15445.0,5678920.0,less
98,Bookcase,True,16.0,232129.0,419605.375,479201.2960719639,76910.0,1864528.0,none
99,Bookcase,False,1016.0,353731.5,515839.030511811,517966.4403956495,15445.0,5678920.0,none
100,Botany,True,2.0,246502.5,246502.5,28169.012842128494,226584.0,266421.0,none
101,Botany,False,1030.0,351916.0,514867.1223300971,517675.341301225,15445.0,5678920.0,none
102,Bottle,True,2.0,245786.0,245786.0,289025.6541693142,41414.0,450158.0,none
103,Bottle,False,1030.0,351487.5,514868.513592233,517596.9475392065,15445.0,5678920.0,none
104,Bracelet,True,3.0,59441.0,93091.0,69026.24286458014,47343.0,172489.0,less
105,Bracelet,False,1029.0,352053.0,515575.1875607386,517552.33029667474,15445.0,5678920.0,less
106,Branch,True,1.0,226584.0,226584.0,,226584.0,226584.0,none
107,Branch,False,1031.0,351779.0,514626.1464597478,517481.8317792619,15445.0,5678920.0,none
108,Building,True,21.0,439970.0,488138.5238095238,332880.81130017375,78726.0,1341487.0,none
109,Building,False,1011.0,350810.0,514891.4263105836,520541.4551272314,15445.0,5678920.0,none
110,Building material,True,1.0,154645.0,154645.0,,154645.0,154645.0,none
111,Building material,False,1031.0,351779.0,514695.92240543163,517438.09389207885,15445.0,5678920.0,none
112,Bumper,True,1.0,274543.0,274543.0,,274543.0,274543.0,none
113,Bumper,False,1031.0,351779.0,514579.62948593596,517505.5890493972,15445.0,5678920.0,none
114,Button,True,1.0,1053424.0,1053424.0,,1053424.0,1053424.0,none
115,Button,False,1031.0,351196.0,513824.1677982541,517286.6772474042,15445.0,5678920.0,none
116,Cabinetry,True,1.0,367474.0,367474.0,,367474.0,367474.0,none
117,Cabinetry,False,1031.0,351196.0,514489.4927255092,517539.3281609196,15445.0,5678920.0,none
118,Cable television,True,1.0,367474.0,367474.0,,367474.0,367474.0,none
119,Cable television,False,1031.0,351196.0,514489.4927255092,517539.3281609196,15445.0,5678920.0,none
120,Camera,True,1.0,660635.0,660635.0,,660635.0,660635.0,none
121,Camera,False,1031.0,351196.0,514205.1464597478,517539.48919792153,15445.0,5678920.0,none
122,Camouflage,True,1.0,558279.0,558279.0,,558279.0,558279.0,none
123,Camouflage,False,1031.0,351196.0,514304.4248302619,517557.76902016834,15445.0,5678920.0,none
124,Cap,True,26.0,496099.5,575740.1153846154,422927.3514697603,33539.0,1554575.0,none
125,Cap,False,1006.0,348793.5,512760.3359840954,519597.75801751326,15445.0,5678920.0,none
126,Car,True,11.0,289973.0,358026.9090909091,213469.7911749831,78726.0,905038.0,none
127,Car,False,1021.0,352053.0,516031.1900097943,519404.42159124,15445.0,5678920.0,none
128,Carnivore,True,2.0,216641.0,216641.0,47890.928076202494,182777.0,250505.0,none
129,Carnivore,False,1030.0,351916.0,514925.1058252427,517642.16695991426,15445.0,5678920.0,none
130,Cartoon,True,1.0,102613.0,102613.0,,102613.0,102613.0,none
131,Cartoon,False,1031.0,351779.0,514746.3899127061,517400.3990703004,15445.0,5678920.0,none
132,Ceiling,True,1.0,842089.0,842089.0,,842089.0,842089.0,none
133,Ceiling,False,1031.0,351196.0,514029.14839961205,517458.72544061666,15445.0,5678920.0,none
134,Celebrating,True,11.0,242313.0,437226.45454545453,430944.969232816,99791.0,1446238.0,none
135,Celebrating,False,1021.0,352053.0,515177.9138099902,518274.5634156369,15445.0,5678920.0,none
136,Chair,True,24.0,712772.0,903730.5,811096.91878425,35177.0,2986134.0,none
137,Chair,False,1008.0,348154.5,505076.0009920635,505233.04360306845,15445.0,5678920.0,none
138,Championship,True,3.0,215293.0,225589.33333333334,182625.31838804096,48330.0,413145.0,none
139,Championship,False,1029.0,351779.0,515188.8950437318,517764.5578057001,15445.0,5678920.0,none
140,Cheek,True,24.0,496692.5,553956.2916666666,373905.2900376359,95971.0,1443051.0,none
141,Cheek,False,1008.0,348793.5,513403.9583333333,520340.85605822876,15445.0,5678920.0,none
142,Chest,True,2.0,698095.0,698095.0,345957.64954976784,453466.0,942724.0,none
143,Chest,False,1030.0,351003.0,513990.2436893204,517635.1746173636,15445.0,5678920.0,none
144,Child,True,1.0,69997.0,69997.0,,69997.0,69997.0,none
145,Child,False,1031.0,351779.0,514778.02521823475,517374.17590134643,15445.0,5678920.0,none
146,Chin,True,131.0,500019.0,604248.5954198473,521420.01178400056,32209.0,3770821.0,greater
147,Chin,False,901.0,338650.0,501275.8879023307,515694.77346845577,15445.0,5678920.0,greater
148,Circle,True,1.0,754906.0,754906.0,,754906.0,754906.0,none
149,Circle,False,1031.0,351196.0,514113.7099903007,517505.2485517139,15445.0,5678920.0,none
150,City,True,23.0,439970.0,568941.1739130435,408703.3944742649,60940.0,1934869.0,none
151,City,False,1009.0,347617.0,513102.57086223987,519614.2844860537,15445.0,5678920.0,none
152,Cityscape,True,2.0,1072461.5,1072461.5,1219628.382792275,210054.0,1934869.0,none
153,Cityscape,False,1030.0,351487.5,513263.3184466019,515825.61493785953,15445.0,5678920.0,none
154,Clock,True,2.0,781637.5,781637.5,16798.73580064881,769759.0,793516.0,none
155,Clock,False,1030.0,351003.0,513828.02524271846,517676.37891855254,15445.0,5678920.0,none
156,Clothing,True,93.0,301673.0,462436.6129032258,436226.798645499,38104.0,2141232.0,none
157,Clothing,False,939.0,354969.0,519488.3237486688,524578.7214914976,15445.0,5678920.0,none
158,Cloud,True,38.0,260167.0,399264.0263157895,406755.3198776668,37174.0,2231848.0,none
159,Cloud,False,994.0,355038.0,518746.5875251509,520728.24119307287,15445.0,5678920.0,none
160,Coastal and oceanic landforms,True,2.0,369096.5,369096.5,435799.10163342464,60940.0,677253.0,none
161,Coastal and oceanic landforms,False,1030.0,351487.5,514629.0757281553,517593.0682682349,15445.0,5678920.0,none
162,Coat,True,108.0,388762.5,626083.3425925926,677119.3342905915,30580.0,3770821.0,none
163,Coat,False,924.0,348793.5,501286.94805194804,494103.3453094819,15445.0,5678920.0,none
164,Coffee cup,True,1.0,416603.0,416603.0,,416603.0,416603.0,none
165,Coffee cup,False,1031.0,351196.0,514441.8409311348,517550.6113120978,15445.0,5678920.0,none
166,Coffee table,True,1.0,1864528.0,1864528.0,,1864528.0,1864528.0,none
167,Coffee table,False,1031.0,351196.0,513037.4519883608,515845.23971774103,15445.0,5678920.0,none
168,Collage,True,1.0,516454.0,516454.0,,516454.0,516454.0,none
169,Collage,False,1031.0,351196.0,514344.9922405432,517559.5768409568,15445.0,5678920.0,none
170,Collar,True,139.0,483680.0,760735.1942446043,787138.5303409541,62180.0,5678920.0,greater
171,Collar,False,893.0,333500.0,475995.46360582305,450023.90219091345,15445.0,3518737.0,greater
172,Colorfulness,True,1.0,124310.0,124310.0,,124310.0,124310.0,none
173,Colorfulness,False,1031.0,351779.0,514725.3452958293,517416.7359935045,15445.0,5678920.0,none
174,Comb over,True,2.0,679543.5,679543.5,604418.6131022936,252155.0,1106932.0,none
175,Comb over,False,1030.0,351487.5,514026.2660194175,517416.7256062838,15445.0,5678920.0,none
176,Comfort,True,3.0,996394.0,818114.3333333334,563440.9493552393,187100.0,1270849.0,none
177,Comfort,False,1029.0,351196.0,513461.416909621,517205.3337894769,15445.0,5678920.0,none
178,Communication Device,True,3.0,823032.0,634654.6666666666,480672.44425526756,88325.0,992607.0,none
179,Communication Device,False,1029.0,351196.0,513996.28474246844,517587.8627279071,15445.0,5678920.0,none
180,Community,True,52.0,214484.5,366576.78846153844,416552.9010954935,16194.0,2040971.0,less
181,Community,False,980.0,357402.0,522187.90612244897,521115.8189680985,15445.0,5678920.0,less
182,Competition event,True,13.0,345781.0,473890.76923076925,348439.97901100887,44106.0,1211776.0,none
183,Competition event,False,1019.0,351779.0,514863.1609421001,519204.3593719458,15445.0,5678920.0,none
184,Composite material,True,1.0,154645.0,154645.0,,154645.0,154645.0,none
185,Composite material,False,1031.0,351779.0,514695.92240543163,517438.09389207885,15445.0,5678920.0,none
186,Computer,True,1.0,416603.0,416603.0,,416603.0,416603.0,none
187,Computer,False,1031.0,351196.0,514441.8409311348,517550.6113120978,15445.0,5678920.0,none
188,Computer monitor accessory,True,1.0,367474.0,367474.0,,367474.0,367474.0,none
189,Computer monitor accessory,False,1031.0,351196.0,514489.4927255092,517539.3281609196,15445.0,5678920.0,none
190,Concert,True,4.0,181814.5,191427.75,72597.50687810613,113209.0,288873.0,none
191,Concert,False,1028.0,352703.5,515603.53112840466,517906.6318444978,15445.0,5678920.0,none
192,Condominium,True,1.0,210054.0,210054.0,,210054.0,210054.0,none
193,Condominium,False,1031.0,351779.0,514642.17943743936,517472.64214443596,15445.0,5678920.0,none
194,Conference hall,True,1.0,124439.0,124439.0,,124439.0,124439.0,none
195,Conference hall,False,1031.0,351779.0,514725.2201745878,517416.8304794098,15445.0,5678920.0,none
196,Confetti,True,1.0,689776.0,689776.0,,689776.0,689776.0,none
197,Confetti,False,1031.0,351196.0,514176.8816682832,517530.68697473145,15445.0,5678920.0,none
198,Contact sport,True,1.0,619627.0,619627.0,,619627.0,619627.0,none
199,Contact sport,False,1031.0,351196.0,514244.9214354995,517549.17487793346,15445.0,5678920.0,none
200,Cooking plantain,True,1.0,266421.0,266421.0,,266421.0,266421.0,none
201,Cooking plantain,False,1031.0,351779.0,514587.5072744908,517501.86956409883,15445.0,5678920.0,none
202,Cool,True,8.0,656156.0,781630.625,553961.2847993564,216357.0,1504112.0,none
203,Cool,False,1024.0,351003.0,512258.8828125,516757.17990014976,15445.0,5678920.0,none
204,Cosmetic dentistry,True,1.0,815688.0,815688.0,,815688.0,815688.0,none
205,Cosmetic dentistry,False,1031.0,351196.0,514054.7555771096,517474.32095952245,15445.0,5678920.0,none
206,Couch,True,1.0,1864528.0,1864528.0,,1864528.0,1864528.0,none
207,Couch,False,1031.0,351196.0,513037.4519883608,515845.23971774103,15445.0,5678920.0,none
208,Cowboy hat,True,1.0,1554575.0,1554575.0,,1554575.0,1554575.0,none
209,Cowboy hat,False,1031.0,351196.0,513338.08535402524,516542.6830687984,15445.0,5678920.0,none
210,Cricket cap,True,4.0,302821.0,324410.75,277336.06690124166,77432.0,614569.0,none
211,Cricket cap,False,1028.0,351487.5,515086.0875486381,517962.0266944985,15445.0,5678920.0,none
212,Crowd,True,136.0,315360.0,411517.125,357623.5198515112,33837.0,1735204.0,none
213,Crowd,False,896.0,360175.0,529955.1473214285,535845.6469508207,15445.0,5678920.0,none
214,Cuisine,True,3.0,162644.0,142643.33333333334,53041.850988943945,82509.0,182777.0,none
215,Cuisine,False,1029.0,352053.0,515430.7201166181,517667.0873129537,15445.0,5678920.0,none
216,Cumulus,True,1.0,85084.0,85084.0,,85084.0,85084.0,none
217,Cumulus,False,1031.0,351779.0,514763.39185257035,517386.55434039916,15445.0,5678920.0,none
218,Cup,True,1.0,162644.0,162644.0,,162644.0,162644.0,none
219,Cup,False,1031.0,351779.0,514688.1639185257,517443.4376382942,15445.0,5678920.0,none
220,Curtain,True,9.0,617204.0,594187.5555555555,326111.59158910275,117553.0,1076786.0,none
221,Curtain,False,1023.0,350810.0,513644.6265884653,518725.00248702086,15445.0,5678920.0,none
222,Customer,True,3.0,280141.0,477631.0,501745.79369537317,104680.0,1048072.0,none
223,Customer,False,1029.0,351779.0,514454.0796890185,517586.0647763282,15445.0,5678920.0,none
224,Cymbal,True,1.0,307963.0,307963.0,,307963.0,307963.0,none
225,Cymbal,False,1031.0,351779.0,514547.2143549952,517519.589992594,15445.0,5678920.0,none
226,Daytime,True,10.0,483419.0,697515.2,544149.8966064815,123496.0,1934869.0,none
227,Daytime,False,1022.0,349852.5,512554.78375733853,516998.3024751241,15445.0,5678920.0,none
228,Desk,True,4.0,544847.0,546765.5,390139.63683489873,88402.0,1008966.0,none
229,Desk,False,1028.0,351003.0,514220.8939688716,517881.90307082597,15445.0,5678920.0,none
230,Desktop computer,True,1.0,996394.0,996394.0,,996394.0,996394.0,none
231,Desktop computer,False,1031.0,351196.0,513879.48302618816,517341.37649872503,15445.0,5678920.0,none
232,Dish,True,2.0,132643.0,132643.0,70900.18273601275,82509.0,182777.0,none
233,Dish,False,1030.0,351916.0,515088.2087378641,517532.24046229274,15445.0,5678920.0,none
234,Dishware,True,1.0,162644.0,162644.0,,162644.0,162644.0,none
235,Dishware,False,1031.0,351779.0,514688.1639185257,517443.4376382942,15445.0,5678920.0,none
236,Display device,True,28.0,555226.5,640258.7857142857,456082.8546557251,49290.0,2215610.0,none
237,Display device,False,1004.0,347461.5,510835.5527888446,518675.51211844216,15445.0,5678920.0,none
238,Dog,True,1.0,250505.0,250505.0,,250505.0,250505.0,none
239,Dog,False,1031.0,351779.0,514602.94471387,517494.22148773225,15445.0,5678920.0,none
240,Door,True,1.0,776045.0,776045.0,,776045.0,776045.0,none
241,Door,False,1031.0,351196.0,514093.2065955383,517495.27950546175,15445.0,5678920.0,none
242,Dress,True,7.0,234429.0,443178.85714285716,421949.157649524,32653.0,1083336.0,none
243,Dress,False,1025.0,352053.0,514833.0624390244,518034.1582437876,15445.0,5678920.0,none
244,Dress shirt,True,132.0,470882.5,694723.8560606061,666659.9647553619,40182.0,3770821.0,greater
245,Dress shirt,False,900.0,338667.0,487891.7688888889,486478.21538836707,15445.0,5678920.0,greater
246,Drink,True,1.0,2134880.0,2134880.0,,2134880.0,2134880.0,none
247,Drink,False,1031.0,351196.0,512775.22890397673,515088.15650222456,15445.0,5678920.0,none
248,Drinkware,True,1.0,162644.0,162644.0,,162644.0,162644.0,none
249,Drinkware,False,1031.0,351779.0,514688.1639185257,517443.4376382942,15445.0,5678920.0,none
250,Drum,True,1.0,307963.0,307963.0,,307963.0,307963.0,none
251,Drum,False,1031.0,351779.0,514547.2143549952,517519.589992594,15445.0,5678920.0,none
252,Drumhead,True,1.0,307963.0,307963.0,,307963.0,307963.0,none
253,Drumhead,False,1031.0,351779.0,514547.2143549952,517519.589992594,15445.0,5678920.0,none
254,Ear,True,18.0,460446.5,693684.3888888889,714288.4246280793,81231.0,3159187.0,none
255,Ear,False,1014.0,347548.5,511163.5325443787,513049.10078104155,15445.0,5678920.0,none
256,Ecoregion,True,1.0,251417.0,251417.0,,251417.0,251417.0,none
257,Ecoregion,False,1031.0,351779.0,514602.0601357905,517494.6725803268,15445.0,5678920.0,none
258,Elbow,True,2.0,401390.0,401390.0,299792.06201966055,189405.0,613375.0,none
259,Elbow,False,1030.0,351487.5,514566.36990291264,517702.6643397936,15445.0,5678920.0,none
260,Electric blue,True,50.0,364005.0,577083.86,610814.2260940038,35217.0,3201018.0,none
261,Electric blue,False,982.0,351487.5,511152.6965376782,512251.06828733545,15445.0,5678920.0,none
262,Electricity,True,3.0,964638.0,897279.6666666666,502445.2866316225,364553.0,1362648.0,none
263,Electricity,False,1029.0,350810.0,513230.6141885326,517173.79633857205,15445.0,5678920.0,none
264,Electronic device,True,29.0,569113.0,635039.9655172414,535831.1692406669,35217.0,2594701.0,none
265,Electronic device,False,1003.0,347617.0,510857.4097706879,516620.0663865507,15445.0,5678920.0,none
266,Engineer,True,1.0,295747.0,295747.0,,295747.0,295747.0,none
267,Engineer,False,1031.0,351779.0,514559.0630455868,517514.7154851264,15445.0,5678920.0,none
268,Engineering,True,16.0,516093.5,583761.8125,453661.6648240873,44106.0,1453999.0,none
269,Engineering,False,1016.0,351003.0,513253.88976377953,518370.42429115187,15445.0,5678920.0,none
270,Entertainment,True,77.0,342154.0,513178.2337662338,516131.2622594917,32653.0,2830096.0,none
271,Entertainment,False,955.0,351779.0,514441.27434554975,517673.08284400904,15445.0,5678920.0,none
272,Entertainment center,True,1.0,367474.0,367474.0,,367474.0,367474.0,none
273,Entertainment center,False,1031.0,351196.0,514489.4927255092,517539.3281609196,15445.0,5678920.0,none
274,Event,True,298.0,357529.0,541617.1073825504,598467.4140746573,32555.0,5678920.0,none
275,Event,False,734.0,348154.5,503275.53542234335,480475.39476589096,15445.0,3770821.0,none
276,Exposed,True,57.0,526076.0,663913.1228070175,847975.3475437637,43637.0,5678920.0,none
277,Exposed,False,975.0,347617.0,505603.1723076923,490449.69543903205,15445.0,3770821.0,none
278,Eye,True,15.0,844753.0,884403.7333333333,809000.3978880768,69810.0,3205936.0,none
279,Eye,False,1017.0,350810.0,508888.97246804327,510381.1955370071,15445.0,5678920.0,none
280,Eyebrow,True,59.0,609762.0,694934.813559322,517090.0524521308,128961.0,3159187.0,greater
281,Eyebrow,False,973.0,340615.0,503396.6978417266,515555.3732415378,15445.0,5678920.0,greater
282,Eyelash,True,29.0,567776.0,668209.1034482758,495088.08858967887,95971.0,1976500.0,none
283,Eyelash,False,1003.0,346250.0,509898.3818544367,517492.83604089,15445.0,5678920.0,none
284,Eyewear,True,46.0,373514.5,515818.3695652174,406127.02787020046,16194.0,1884371.0,none
285,Eyewear,False,986.0,351003.0,514278.3935091278,522082.506013083,15445.0,5678920.0,none
286,Facade,True,2.0,103588.5,103588.5,73985.28962232966,51273.0,155904.0,none
287,Facade,False,1030.0,351916.0,515144.62524271844,517488.4995974335,15445.0,5678920.0,none
288,Face,True,30.0,225171.0,387027.5,360945.4059350776,32555.0,1107530.0,none
289,Face,False,1002.0,353731.5,518158.998003992,520916.0871783063,15445.0,5678920.0,none
290,Facial expression,True,82.0,341705.5,421219.8048780488,356093.9848385999,16194.0,2040971.0,none
291,Facial expression,False,950.0,351916.0,522385.3863157895,528293.6488880409,15445.0,5678920.0,none
292,Facial hair,True,30.0,331678.0,459445.8,433539.1372715565,45556.0,1685596.0,none
293,Facial hair,False,1002.0,351916.0,515990.7854291417,519701.8438239707,15445.0,5678920.0,none
294,Fan,True,121.0,318394.0,419974.4380165289,350674.47616659367,33837.0,1735204.0,none
295,Fan,False,911.0,358073.0,526881.7058177827,534446.8885661705,15445.0,5678920.0,none
296,Fashion,True,10.0,214619.5,316017.9,243324.2578990019,16194.0,806198.0,none
297,Fashion,False,1022.0,351916.0,516287.6340508806,518958.78579998267,15445.0,5678920.0,none
298,Fashion design,True,7.0,589349.0,512794.71428571426,206314.73780667753,216357.0,776045.0,none
299,Fashion design,False,1025.0,350810.0,514357.63707317074,518833.33845018316,15445.0,5678920.0,none
300,Feather,True,1.0,330869.0,330869.0,,330869.0,330869.0,none
301,Feather,False,1031.0,351779.0,514524.9970902037,517527.9746194947,15445.0,5678920.0,none
302,Fedora,True,4.0,154494.0,150944.0,90358.13958908185,38285.0,256503.0,none
303,Fedora,False,1028.0,352703.5,515761.0554474708,517793.57487495686,15445.0,5678920.0,none
304,Felidae,True,1.0,182777.0,182777.0,,182777.0,182777.0,none
305,Felidae,False,1031.0,351779.0,514668.6362754607,517456.35543084727,15445.0,5678920.0,none
306,Fence,True,1.0,259094.0,259094.0,,259094.0,259094.0,none
307,Fence,False,1031.0,351779.0,514594.61396702233,517498.4078427835,15445.0,5678920.0,none
308,Fender,True,1.0,274899.0,274899.0,,274899.0,274899.0,none
309,Fender,False,1031.0,351779.0,514579.2841901067,517505.74924577674,15445.0,5678920.0,none
310,Field house,True,2.0,173132.5,173132.5,59623.95089643088,130972.0,215293.0,none
311,Field house,False,1030.0,351916.0,515009.5883495146,517588.690081534,15445.0,5678920.0,none
312,Finger,True,24.0,709079.0,772773.9583333334,513682.2898697022,73079.0,2117775.0,greater
313,Finger,False,1008.0,346846.5,508194.0138888889,516071.3725229311,15445.0,5678920.0,greater
314,Fixture,True,3.0,155904.0,246830.0,253557.27855259844,51273.0,533313.0,none
315,Fixture,False,1029.0,351779.0,515126.96890184644,517739.82475973794,15445.0,5678920.0,none
316,Flag,True,37.0,318394.0,453692.8378378378,495792.79862965795,76042.0,2816298.0,none
317,Flag,False,995.0,354109.0,516602.5185929648,518193.7338046872,15445.0,5678920.0,none
318,Flap,True,1.0,677253.0,677253.0,,677253.0,677253.0,none
319,Flap,False,1031.0,351196.0,514189.02812803106,517534.66503402055,15445.0,5678920.0,none
320,Flash photography,True,19.0,552871.0,585545.7368421053,420540.05419405416,86393.0,1884371.0,none
321,Flash photography,False,1013.0,348895.0,513011.6209279368,519027.73222432466,15445.0,5678920.0,none
322,Flat panel display,True,4.0,462528.0,526444.0,348395.73493753717,184326.0,996394.0,none
323,Flat panel display,False,1028.0,351003.0,514299.9659533074,517972.25708213303,15445.0,5678920.0,none
324,Floor,True,2.0,714462.5,714462.5,886746.5518402087,87438.0,1341487.0,none
325,Floor,False,1030.0,351487.5,513958.46213592234,516997.18898392934,15445.0,5678920.0,none
326,Flooring,True,9.0,312149.0,575222.3333333334,536442.1780290025,80108.0,1362648.0,none
327,Flooring,False,1023.0,351779.0,513811.4760508309,517377.2391618413,15445.0,5678920.0,none
328,Flower,True,2.0,319875.5,319875.5,75596.07886987261,266421.0,373330.0,none
329,Flower,False,1030.0,351487.5,514724.6504854369,517734.52219063696,15445.0,5678920.0,none
330,Flower Arranging,True,1.0,373330.0,373330.0,,373330.0,373330.0,none
331,Flower Arranging,False,1031.0,351196.0,514483.81280310376,517540.91100284737,15445.0,5678920.0,none
332,Flowering plant,True,1.0,291714.0,291714.0,,291714.0,291714.0,none
333,Flowering plant,False,1031.0,351779.0,514562.97478176525,517513.0446711946,15445.0,5678920.0,none
334,Flowerpot,True,1.0,373330.0,373330.0,,373330.0,373330.0,none
335,Flowerpot,False,1031.0,351196.0,514483.81280310376,517540.91100284737,15445.0,5678920.0,none
336,Fluvial landforms of streams,True,1.0,251417.0,251417.0,,251417.0,251417.0,none
337,Fluvial landforms of streams,False,1031.0,351779.0,514602.0601357905,517494.6725803268,15445.0,5678920.0,none
338,Folk instrument,True,1.0,767727.0,767727.0,,767727.0,767727.0,none
339,Folk instrument,False,1031.0,351196.0,514101.27449078567,517499.3023901787,15445.0,5678920.0,none
340,Font,True,365.0,313198.0,418371.4794520548,379741.82775262475,15445.0,2337730.0,less
341,Font,False,667.0,383670.0,566867.3928035982,572403.1083194076,30580.0,5678920.0,less
342,Food,True,3.0,182777.0,203947.33333333334,55032.29681135736,162644.0,266421.0,none
343,Food,False,1029.0,352053.0,515251.9912536443,517784.8787904639,15445.0,5678920.0,none
344,Football,True,2.0,478445.0,478445.0,274282.47778157465,284498.0,672392.0,none
345,Football,False,1030.0,351487.5,514416.7485436893,517737.98178185744,15445.0,5678920.0,none
346,Footwear,True,13.0,460167.0,591572.3846153846,464935.4209874275,44106.0,1362648.0,none
347,Footwear,False,1019.0,350810.0,513361.82531894016,518073.6006114116,15445.0,5678920.0,none
348,Forehead,True,184.0,412146.0,594249.8586956522,542226.845204251,56795.0,3770821.0,greater
349,Forehead,False,848.0,341164.5,497009.6308962264,510423.2321432435,15445.0,5678920.0,greater
350,Forest,True,1.0,234429.0,234429.0,,234429.0,234429.0,none
351,Forest,False,1031.0,351779.0,514618.53734238603,517486.0134931169,15445.0,5678920.0,none
352,Formal wear,True,49.0,474640.0,655836.4285714285,643537.62873028,45729.0,3201018.0,none
353,Formal wear,False,983.0,347480.0,507294.1566632757,509577.68169358,15445.0,5678920.0,none
354,Formation,True,2.0,125775.5,125775.5,57546.471173304795,85084.0,166467.0,none
355,Formation,False,1030.0,351916.0,515101.5436893204,517523.89827304345,15445.0,5678920.0,none
356,Friendship,True,2.0,1062674.0,1062674.0,1383520.8854289118,84377.0,2040971.0,none
357,Friendship,False,1030.0,351487.5,513282.3233009709,515444.02335725893,15445.0,5678920.0,none
358,Fruit,True,1.0,266421.0,266421.0,,266421.0,266421.0,none
359,Fruit,False,1031.0,351779.0,514587.5072744908,517501.86956409883,15445.0,5678920.0,none
360,Fun,True,82.0,350886.5,529677.4146341464,535747.600210636,32555.0,2215610.0,none
361,Fun,False,950.0,351487.5,513023.78210526315,515956.106129829,15445.0,5678920.0,none
362,Furniture,True,10.0,652617.0,729784.9,526417.9577151495,248858.0,2040214.0,none
363,Furniture,False,1022.0,348793.5,512239.03326810175,517037.1010716151,15445.0,5678920.0,none
364,Gadget,True,12.0,388085.0,559242.25,431811.4804726974,81231.0,1378583.0,none
365,Gadget,False,1020.0,349852.5,513818.8568627451,518384.6856437824,15445.0,5678920.0,none
366,Gas,True,8.0,251736.0,280597.25,195384.02522925386,84518.0,633542.0,none
367,Gas,False,1024.0,352703.5,516173.2060546875,518660.77492715855,15445.0,5678920.0,none
368,Geological phenomenon,True,2.0,410089.0,410089.0,253387.47239751217,230917.0,589261.0,none
369,Geological phenomenon,False,1030.0,351487.5,514549.4786407767,517730.3110843667,15445.0,5678920.0,none
370,Gesture,True,359.0,348895.0,549777.9220055711,612291.8202299976,15445.0,5678920.0,none
371,Gesture,False,673.0,351779.0,495447.0534918276,458059.8155899227,16194.0,3518737.0,none
372,Glasses,True,87.0,315409.0,494596.4827586207,473227.430029718,32555.0,2106744.0,none
373,Glasses,False,945.0,354969.0,516165.34074074076,521373.36417349026,15445.0,5678920.0,none
374,Glove,True,4.0,939759.5,1542006.75,1320847.9662853896,769771.0,3518737.0,greater
375,Glove,False,1028.0,349852.5,510348.35992217896,509337.6040633903,15445.0,5678920.0,greater
376,Goggles,True,10.0,400228.0,464973.0,362390.4950323308,37174.0,1123941.0,none
377,Goggles,False,1022.0,351487.5,514830.14774951077,518697.79610993084,15445.0,5678920.0,none
378,Grass,True,26.0,284233.5,292376.6923076923,214741.42165139344,28892.0,1006781.0,none
379,Grass,False,1006.0,355168.0,520083.8439363817,521609.60262171994,15445.0,5678920.0,none
380,Grassland,True,1.0,364553.0,364553.0,,364553.0,364553.0,none
381,Grassland,False,1031.0,351196.0,514492.32589718717,517538.514559501,15445.0,5678920.0,none
382,Green,True,37.0,346250.0,498587.8918918919,544497.2901247629,47343.0,2830096.0,none
383,Green,False,995.0,351779.0,514933.0542713568,516548.3298954705,15445.0,5678920.0,none
384,Greeting,True,8.0,233300.5,323725.5,333898.66705206066,40182.0,1094263.0,none
385,Greeting,False,1024.0,351916.0,515836.2666015625,518316.1092492107,15445.0,5678920.0,none
386,Grey,True,2.0,384742.0,384742.0,139919.46143406926,285804.0,483680.0,none
387,Grey,False,1030.0,351487.5,514598.69611650484,517761.0465580941,15445.0,5678920.0,none
388,Groundcover,True,5.0,291714.0,265432.6,109537.79144112776,82924.0,351196.0,none
389,Groundcover,False,1027.0,353354.0,515558.888023369,518229.7269203435,15445.0,5678920.0,none
390,Guitar,True,1.0,901032.0,901032.0,,901032.0,901032.0,none
391,Guitar,False,1031.0,351196.0,513971.97769156157,517419.18106307107,15445.0,5678920.0,none
392,Guitar accessory,True,2.0,494353.5,494353.5,575130.2502255468,87675.0,901032.0,none
393,Guitar accessory,False,1030.0,351487.5,514385.8582524272,517499.76563772414,15445.0,5678920.0,none
394,Guitarist,True,1.0,901032.0,901032.0,,901032.0,901032.0,none
395,Guitarist,False,1031.0,351196.0,513971.97769156157,517419.18106307107,15445.0,5678920.0,none
396,Hair,True,25.0,411124.0,549037.28,380279.29915058485,32209.0,1462992.0,none
397,Hair,False,1007.0,348692.0,513485.80834160873,520363.10629878106,15445.0,5678920.0,none
398,Hairstyle,True,19.0,589349.0,822355.1578947369,1228185.7683262948,32209.0,5678920.0,none
399,Hairstyle,False,1013.0,347617.0,508569.9832181639,493951.2717384763,15445.0,3770821.0,none
400,Hall,True,1.0,353354.0,353354.0,,353354.0,353354.0,none
401,Hall,False,1031.0,351196.0,514503.1881668283,517535.2467653065,15445.0,5678920.0,none
402,Hammer,True,1.0,137463.0,137463.0,,137463.0,137463.0,none
403,Hammer,False,1031.0,351779.0,514712.58777885546,517426.20893499075,15445.0,5678920.0,none
404,Hand,True,49.0,357819.0,526399.306122449,628718.2297969153,37174.0,3518737.0,none
405,Hand,False,983.0,351196.0,513746.26144455746,511499.85884133587,15445.0,5678920.0,none
406,Handshake,True,2.0,208834.0,208834.0,106256.9360089025,133699.0,283969.0,none
407,Handshake,False,1030.0,351916.0,514940.2650485437,517624.8627980183,15445.0,5678920.0,none
408,Handwriting,True,3.0,111540.0,422259.0,561745.3389401642,84518.0,1070719.0,none
409,Handwriting,False,1029.0,351779.0,514615.51409135084,517445.95673485374,15445.0,5678920.0,none
410,Happy,True,176.0,244122.0,383128.2556818182,453655.71013148286,15445.0,3770821.0,less
411,Happy,False,856.0,373857.5,541326.5981308412,525640.608268939,16194.0,5678920.0,less
412,Hard hat,True,2.0,225196.0,225196.0,99774.18103898423,154645.0,295747.0,none
413,Hard hat,False,1030.0,351916.0,514908.4941747573,517644.4191455201,15445.0,5678920.0,none
414,Hardwood,True,3.0,247515.0,581215.6666666666,660049.6833128043,154645.0,1341487.0,none
415,Hardwood,False,1029.0,351779.0,514152.08357628767,517231.4553247913,15445.0,5678920.0,none
416,Hat,True,205.0,351779.0,466371.9024390244,455466.5764235618,28892.0,2986134.0,none
417,Hat,False,827.0,351196.0,526239.299879081,531108.9953322641,15445.0,5678920.0,none
418,Head,True,35.0,332975.0,416522.6285714286,326454.56465406576,32209.0,1107530.0,none
419,Head,False,997.0,351779.0,517781.1925777332,522518.802250943,15445.0,5678920.0,none
420,Headgear,True,5.0,484016.0,380590.8,279551.0002892138,77432.0,739021.0,none
421,Headgear,False,1027.0,351196.0,514998.2346640701,518189.11071633943,15445.0,5678920.0,none
422,Headphones,True,1.0,388384.0,388384.0,,388384.0,388384.0,none
423,Headphones,False,1031.0,351196.0,514469.21144519886,517544.68445023854,15445.0,5678920.0,none
424,Hearing,True,2.0,234807.5,234807.5,217189.96916179164,81231.0,388384.0,none
425,Hearing,False,1030.0,351487.5,514889.8310679612,517619.7652885042,15445.0,5678920.0,none
426,Helmet,True,4.0,636041.0,765397.0,553673.280793526,293731.0,1495775.0,none
427,Helmet,False,1028.0,351003.0,513370.1877431907,517212.2203813913,15445.0,5678920.0,none
428,High-visibility clothing,True,2.0,206869.5,206869.5,73856.59618815371,154645.0,259094.0,none
429,High-visibility clothing,False,1030.0,351916.0,514944.0796116505,517628.07569819095,15445.0,5678920.0,none
430,Hill,True,1.0,586309.0,586309.0,,586309.0,586309.0,none
431,Hill,False,1031.0,351196.0,514277.2376333657,517554.719159209,15445.0,5678920.0,none
432,Holiday,True,1.0,1119734.0,1119734.0,,1119734.0,1119734.0,none
433,Holiday,False,1031.0,351196.0,513759.85160038795,517215.3864318809,15445.0,5678920.0,none
434,Home appliance,True,2.0,681934.0,681934.0,444713.5968238435,367474.0,996394.0,none
435,Home appliance,False,1030.0,351003.0,514021.6242718447,517572.5537107998,15445.0,5678920.0,none
436,Hood,True,1.0,905038.0,905038.0,,905038.0,905038.0,none
437,Hood,False,1031.0,351196.0,513968.09214354993,517416.2565433917,15445.0,5678920.0,none
438,Horizon,True,7.0,364553.0,340500.5714285714,218709.72487512385,95379.0,677253.0,none
439,Horizon,False,1025.0,351196.0,515534.28,518603.0956228248,15445.0,5678920.0,none
440,Hospital,True,1.0,776045.0,776045.0,,776045.0,776045.0,none
441,Hospital,False,1031.0,351196.0,514093.2065955383,517495.27950546175,15445.0,5678920.0,none
442,House,True,1.0,1341487.0,1341487.0,,1341487.0,1341487.0,none
443,House,False,1031.0,351196.0,513544.76624636276,516916.86190113134,15445.0,5678920.0,none
444,Human,True,85.0,245931.0,419939.1647058824,428633.0443602315,16194.0,2106744.0,none
445,Human,False,947.0,358073.0,522820.8152059134,523895.5544946275,15445.0,5678920.0,none
446,Human body,True,6.0,245559.5,424814.8333333333,437798.88603440585,73751.0,1228527.0,none
447,Human body,False,1026.0,351916.0,514870.61598440545,517872.9864173079,15445.0,5678920.0,none
448,Human settlement,True,2.0,419201.0,419201.0,151144.07447862453,312326.0,526076.0,none
449,Human settlement,False,1030.0,351487.5,514531.78543689323,517772.54506455193,15445.0,5678920.0,none
450,Idiophone,True,1.0,307963.0,307963.0,,307963.0,307963.0,none
451,Idiophone,False,1031.0,351779.0,514547.2143549952,517519.589992594,15445.0,5678920.0,none
452,Illustration,True,1.0,98450.0,98450.0,,98450.0,98450.0,none
453,Illustration,False,1031.0,351779.0,514750.4277400582,517397.16334527225,15445.0,5678920.0,none
454,Indoor games and sports,True,1.0,767727.0,767727.0,,767727.0,767727.0,none
455,Indoor games and sports,False,1031.0,351196.0,514101.27449078567,517499.3023901787,15445.0,5678920.0,none
456,Infrastructure,True,7.0,415081.0,480094.71428571426,244254.6678528473,210054.0,893509.0,none
457,Infrastructure,False,1025.0,350810.0,514580.9541463415,518729.0345892707,15445.0,5678920.0,none
458,Ingredient,True,4.0,172710.5,176310.25,35532.66838066063,137879.0,221941.0,none
459,Ingredient,False,1028.0,352703.5,515662.3540856031,517880.2158942499,15445.0,5678920.0,none
460,Input device,True,1.0,416603.0,416603.0,,416603.0,416603.0,none
461,Input device,False,1031.0,351196.0,514441.8409311348,517550.6113120978,15445.0,5678920.0,none
462,Interaction,True,17.0,224591.0,358759.4117647059,461784.0995775324,47343.0,1864528.0,none
463,Interaction,False,1015.0,354109.0,516952.93694581283,517993.4206271826,15445.0,5678920.0,none
464,Interior design,True,2.0,590850.5,590850.5,711932.7849681457,87438.0,1094263.0,none
465,Interior design,False,1030.0,351487.5,514198.4854368932,517324.15068466746,15445.0,5678920.0,none
466,Iris,True,4.0,429249.0,434936.5,355202.02273964224,32555.0,848693.0,none
467,Iris,False,1028.0,351487.5,514656.02626459143,517935.50347810116,15445.0,5678920.0,none
468,Jacket,True,16.0,432585.5,471826.75,299920.9285262812,78924.0,1048072.0,none
469,Jacket,False,1016.0,351003.0,515016.6466535433,520065.632360761,15445.0,5678920.0,none
470,Jaw,True,58.0,522836.5,632070.1551724138,544412.8165195001,43637.0,3205936.0,none
471,Jaw,False,974.0,345284.5,507336.8295687885,515094.18287825695,15445.0,5678920.0,none
472,Jeans,True,11.0,203463.0,289740.8181818182,400387.5625982451,38285.0,1450872.0,none
473,Jeans,False,1021.0,354969.0,516766.8873653281,518046.81194539386,15445.0,5678920.0,none
474,Jersey,True,8.0,432335.5,601711.875,374118.94846938626,284498.0,1211776.0,none
475,Jersey,False,1024.0,348793.5,513664.498046875,518346.36741853814,15445.0,5678920.0,none
476,Jewellery,True,1.0,215477.0,215477.0,,215477.0,215477.0,none
477,Jewellery,False,1031.0,351779.0,514636.9194956353,517475.71356633975,15445.0,5678920.0,none
478,Jheri curl,True,2.0,148614.5,148614.5,104164.6070433715,74959.0,222270.0,none
479,Jheri curl,False,1030.0,351916.0,515057.19611650484,517549.2325913689,15445.0,5678920.0,none
480,Joint,True,7.0,467125.0,605649.1428571428,279968.31992889754,312149.0,1090732.0,none
481,Joint,False,1025.0,348895.0,513723.5092682927,518575.754717123,15445.0,5678920.0,none
482,Joy,True,570.0,304489.0,453990.6947368421,503037.2888233922,15445.0,5678920.0,less
483,Joy,False,462.0,417228.0,588812.6515151515,525452.3840579755,33539.0,3205936.0,less
484,Kiss,True,3.0,249502.0,541365.3333333334,527242.8249339514,224591.0,1150003.0,none
485,Kiss,False,1029.0,351779.0,514268.2653061224,517538.5013102764,15445.0,5678920.0,none
486,Knee,True,1.0,619627.0,619627.0,,619627.0,619627.0,none
487,Knee,False,1031.0,351196.0,514244.9214354995,517549.17487793346,15445.0,5678920.0,none
488,Lake,True,2.0,614970.0,614970.0,88081.46330528348,552687.0,677253.0,none
489,Lake,False,1030.0,351003.0,514151.6514563107,517784.68633569963,15445.0,5678920.0,none
490,Lamp,True,1.0,1094263.0,1094263.0,,1094263.0,1094263.0,none
491,Lamp,False,1031.0,351196.0,513784.55674102815,517243.749017584,15445.0,5678920.0,none
492,Land lot,True,2.0,159415.0,159415.0,139264.68055469054,60940.0,257890.0,none
493,Land lot,False,1030.0,351916.0,515036.22427184467,517555.8542829152,15445.0,5678920.0,none
494,Land vehicle,True,1.0,289973.0,289973.0,,289973.0,289973.0,none
495,Land vehicle,False,1031.0,351779.0,514564.66343355965,517512.31395962817,15445.0,5678920.0,none
496,Landmark,True,8.0,359507.0,474413.125,353537.1640146953,130972.0,1114785.0,none
497,Landmark,False,1024.0,351487.5,514659.01953125,518491.10013344587,15445.0,5678920.0,none
498,Landscape,True,21.0,364553.0,329829.2380952381,186736.1909751039,28892.0,677253.0,none
499,Landscape,False,1011.0,351196.0,518179.74975272006,521305.2116557318,15445.0,5678920.0,none
500,Lap,True,1.0,1270849.0,1270849.0,,1270849.0,1270849.0,none
501,Lap,False,1031.0,351196.0,513613.2803103783,517022.00586161227,15445.0,5678920.0,none
502,Laptop,True,1.0,416603.0,416603.0,,416603.0,416603.0,none
503,Laptop,False,1031.0,351196.0,514441.8409311348,517550.6113120978,15445.0,5678920.0,none
504,Layered hair,True,1.0,848693.0,848693.0,,848693.0,848693.0,none
505,Layered hair,False,1031.0,351196.0,514022.74296799226,517454.6195955784,15445.0,5678920.0,none
506,Leaf,True,1.0,266421.0,266421.0,,266421.0,266421.0,none
507,Leaf,False,1031.0,351779.0,514587.5072744908,517501.86956409883,15445.0,5678920.0,none
508,Leaf vegetable,True,1.0,137879.0,137879.0,,137879.0,137879.0,none
509,Leaf vegetable,False,1031.0,351779.0,514712.1842870999,517426.5032392739,15445.0,5678920.0,none
510,Lectern,True,3.0,156771.0,231336.66666666666,206124.02271528987,72872.0,464367.0,none
511,Lectern,False,1029.0,351779.0,515172.13896987366,517756.6828220568,15445.0,5678920.0,none
512,Leg,True,5.0,689876.0,702011.2,410960.22359493625,163676.0,1115614.0,none
513,Leg,False,1027.0,350810.0,513433.38364167477,517765.7219857376,15445.0,5678920.0,none
514,Leisure,True,94.0,341934.0,533628.414893617,586558.4739709112,33837.0,2986134.0,none
515,Leisure,False,938.0,352703.5,512414.7867803838,510162.2363414073,15445.0,5678920.0,none
516,Light,True,9.0,243845.0,457272.6666666667,637674.9931806955,130972.0,2141232.0,none
517,Light,False,1023.0,353354.0,514849.1564027371,516481.15720936784,15445.0,5678920.0,none
518,Lighting,True,16.0,325932.0,589720.0625,544979.4667243245,130972.0,2141232.0,none
519,Lighting,False,1016.0,351916.0,513160.0590551181,517055.50316798675,15445.0,5678920.0,none
520,Line,True,13.0,417853.0,551634.3076923077,399543.6617530857,84078.0,1263326.0,none
521,Line,False,1019.0,348895.0,513871.33954857703,518773.32913126674,15445.0,5678920.0,none
522,Lip,True,18.0,697712.0,626495.2222222222,377326.51820976037,95971.0,1300775.0,none
523,Lip,False,1014.0,348154.5,512356.2396449704,519371.2205050991,15445.0,5678920.0,none
524,Lipstick,True,1.0,408895.0,408895.0,,408895.0,408895.0,none
525,Lipstick,False,1031.0,351196.0,514449.31716779823,517549.14083381,15445.0,5678920.0,none
526,Liquid,True,1.0,152280.0,152280.0,,152280.0,152280.0,none
527,Liquid,False,1031.0,351779.0,514698.21629485936,517436.4909216919,15445.0,5678920.0,none
528,Logo,True,1.0,342154.0,342154.0,,342154.0,342154.0,none
529,Logo,False,1031.0,351779.0,514514.05140640156,517531.7431193864,15445.0,5678920.0,none
530,Machine,True,1.0,964638.0,964638.0,,964638.0,964638.0,none
531,Machine,False,1031.0,351196.0,513910.2841901067,517369.1841347905,15445.0,5678920.0,none
532,Magenta,True,17.0,189405.0,305007.0,234509.4452242276,40424.0,730136.0,none
533,Magenta,False,1015.0,353354.0,517853.2236453202,520076.7747894808,15445.0,5678920.0,none
534,Makeover,True,1.0,848693.0,848693.0,,848693.0,848693.0,none
535,Makeover,False,1031.0,351196.0,514022.74296799226,517454.6195955784,15445.0,5678920.0,none
536,Mammal,True,7.0,250505.0,276503.71428571426,211578.6705607115,101134.0,703945.0,none
537,Mammal,False,1025.0,353354.0,515971.3317073171,518445.57508876885,15445.0,5678920.0,none
538,Map,True,1.0,64091.0,64091.0,,64091.0,64091.0,none
539,Map,False,1031.0,351779.0,514783.7536372454,517369.21367659414,15445.0,5678920.0,none
540,Marines,True,2.0,426005.0,426005.0,187063.68474933878,293731.0,558279.0,none
541,Marines,False,1030.0,351487.5,514518.57378640777,517763.49209965754,15445.0,5678920.0,none
542,Market,True,1.0,1048072.0,1048072.0,,1048072.0,1048072.0,none
543,Market,False,1031.0,351196.0,513829.35887487873,517292.07056387345,15445.0,5678920.0,none
544,Material property,True,2.0,397691.5,397691.5,212182.2389374285,247656.0,547727.0,none
545,Material property,False,1030.0,351487.5,514573.55145631067,517743.16485466115,15445.0,5678920.0,none
546,Matoke,True,1.0,266421.0,266421.0,,266421.0,266421.0,none
547,Matoke,False,1031.0,351779.0,514587.5072744908,517501.86956409883,15445.0,5678920.0,none
548,Medical procedure,True,1.0,453466.0,453466.0,,453466.0,453466.0,none
549,Medical procedure,False,1031.0,351196.0,514406.0863239573,517556.10117109487,15445.0,5678920.0,none
550,Membranophone,True,1.0,307963.0,307963.0,,307963.0,307963.0,none
551,Membranophone,False,1031.0,351779.0,514547.2143549952,517519.589992594,15445.0,5678920.0,none
552,Metropolis,True,1.0,305113.0,305113.0,,305113.0,305113.0,none
553,Metropolis,False,1031.0,351779.0,514549.9786614937,517518.4778338842,15445.0,5678920.0,none
554,Metropolitan area,True,2.0,557439.0,557439.0,518367.25336579664,190898.0,923980.0,none
555,Metropolitan area,False,1030.0,351487.5,514263.3621359223,517555.301980111,15445.0,5678920.0,none
556,Microphone,True,122.0,411226.5,563993.0491803279,493298.8289679873,41414.0,2594701.0,none
557,Microphone,False,910.0,347461.5,507691.1967032967,520343.4126355349,15445.0,5678920.0,none
558,Microphone stand,True,1.0,415310.0,415310.0,,415310.0,415310.0,none
559,Microphone stand,False,1031.0,351196.0,514443.09505334625,517550.37243036955,15445.0,5678920.0,none
560,Military camouflage,True,1.0,558279.0,558279.0,,558279.0,558279.0,none
561,Military camouflage,False,1031.0,351196.0,514304.4248302619,517557.76902016834,15445.0,5678920.0,none
562,Military person,True,5.0,347480.0,446705.6,196311.80299156747,293731.0,739021.0,none
563,Military person,False,1027.0,351779.0,514676.35150925023,518400.99029934837,15445.0,5678920.0,none
564,Military uniform,True,3.0,295017.0,442589.6666666667,256717.87040510704,293731.0,739021.0,none
565,Military uniform,False,1029.0,351779.0,514556.24101069,517924.48798784835,15445.0,5678920.0,none
566,Mirror,True,1.0,289973.0,289973.0,,289973.0,289973.0,none
567,Mirror,False,1031.0,351779.0,514564.66343355965,517512.31395962817,15445.0,5678920.0,none
568,Mobile device,True,1.0,823032.0,823032.0,,823032.0,823032.0,none
569,Mobile device,False,1031.0,351196.0,514047.6323957323,517470.11419951764,15445.0,5678920.0,none
570,Mobile phone,True,2.0,697541.0,697541.0,177471.07415576206,572050.0,823032.0,none
571,Mobile phone,False,1030.0,351003.0,513991.3194174757,517718.3357215499,15445.0,5678920.0,none
572,Mode of transport,True,3.0,414158.0,389048.6666666667,80754.83235901943,298722.0,454266.0,none
573,Mode of transport,False,1029.0,351196.0,514712.33722060255,518006.20315187634,15445.0,5678920.0,none
574,Morning,True,5.0,529428.0,506367.6,282666.1331160845,82924.0,836422.0,none
575,Morning,False,1027.0,350810.0,514385.8841285297,518266.751719837,15445.0,5678920.0,none
576,Motor vehicle,True,36.0,321106.5,554223.25,632738.6508978873,78726.0,3518737.0,none
577,Motor vehicle,False,996.0,351916.0,512905.7269076305,512979.3822382469,15445.0,5678920.0,none
578,Motorcycle,True,2.0,1485439.5,1485439.5,14616.604273907124,1475104.0,1495775.0,greater
579,Motorcycle,False,1030.0,351003.0,512461.4194174757,516034.47998230805,15445.0,5678920.0,greater
580,Motorcycle helmet,True,1.0,3518737.0,3518737.0,,3518737.0,3518737.0,greater
581,Motorcycle helmet,False,1031.0,351196.0,511432.98157129,509014.6997311653,15445.0,5678920.0,greater
582,Motorcycling,True,1.0,1475104.0,1475104.0,,1475104.0,1475104.0,none
583,Motorcycling,False,1031.0,351196.0,513415.166828322,516692.2505642792,15445.0,5678920.0,none
584,Mountain,True,1.0,255079.0,255079.0,,255079.0,255079.0,none
585,Mountain,False,1031.0,351779.0,514598.5082444229,517496.4681438689,15445.0,5678920.0,none
586,Moustache,True,10.0,331678.0,496783.9,499780.05810077203,110042.0,1685596.0,none
587,Moustache,False,1022.0,351916.0,514518.88649706455,517710.6442579685,15445.0,5678920.0,none
588,Mouth,True,25.0,458580.0,543874.6,434710.3679042135,43637.0,1976500.0,none
589,Mouth,False,1007.0,348692.0,513613.9781529295,519353.3455645137,15445.0,5678920.0,none
590,Movie,True,5.0,150900.0,172608.4,143435.43318964113,35930.0,408895.0,none
591,Movie,False,1027.0,352053.0,516010.80720545276,517938.34562549496,15445.0,5678920.0,none
592,Multimedia,True,8.0,555226.5,705542.625,459615.4587723889,244478.0,1625821.0,none
593,Multimedia,False,1024.0,349852.5,512853.3203125,517655.53727256425,15445.0,5678920.0,none
594,Muscle,True,44.0,378025.0,583537.7045454546,629816.0007069092,32209.0,3518737.0,none
595,Muscle,False,988.0,349852.5,511265.67004048586,511892.2134549894,15445.0,5678920.0,none
596,Music,True,15.0,532148.0,685689.2666666667,675074.0120194723,47613.0,2830096.0,none
597,Music,False,1017.0,348692.0,511819.86430678464,514625.6006805895,15445.0,5678920.0,none
598,Music artist,True,9.0,490430.0,446176.0,272981.34206846444,81231.0,901032.0,none
599,Music artist,False,1023.0,350810.0,514946.7810361681,518979.8941535661,15445.0,5678920.0,none
600,Music venue,True,4.0,389651.5,948431.25,1260859.6663407537,184326.0,2830096.0,none
601,Music venue,False,1028.0,351487.5,512657.99221789883,513098.1626033775,15445.0,5678920.0,none
602,Musical instrument,True,6.0,260867.0,760650.6666666666,1081468.2604693798,47613.0,2830096.0,none
603,Musical instrument,False,1026.0,351916.0,512906.66374269006,512944.6012156402,15445.0,5678920.0,none
604,Musical instrument accessory,True,2.0,692374.5,692374.5,543639.956832185,307963.0,1076786.0,none
605,Musical instrument accessory,False,1030.0,351487.5,514001.35145631066,517473.9632793328,15445.0,5678920.0,none
606,Musician,True,7.0,546078.0,525264.2857142857,385287.03106762463,47613.0,1076786.0,none
607,Musician,False,1025.0,351196.0,514272.4790243902,518234.3454721871,15445.0,5678920.0,none
608,Nail,True,6.0,582189.0,687843.1666666666,405938.1676198565,175170.0,1263326.0,none
609,Nail,False,1026.0,349852.5,513332.43859649124,517874.04711721325,15445.0,5678920.0,none
610,Nameplate,True,1.0,232609.0,232609.0,,232609.0,232609.0,none
611,Nameplate,False,1031.0,351779.0,514620.30261881667,517485.0536562118,15445.0,5678920.0,none
612,Natural environment,True,18.0,196789.0,225489.22222222222,144204.81537752252,48025.0,516845.0,less
613,Natural environment,False,1014.0,355038.0,519474.68934911245,520101.2525906247,15445.0,5678920.0,less
614,Natural foods,True,3.0,182777.0,180865.66666666666,42063.581128255515,137879.0,221941.0,none
615,Natural foods,False,1029.0,352053.0,515319.28474246844,517745.23940606497,15445.0,5678920.0,none
616,Natural landscape,True,15.0,177293.0,211855.33333333334,131020.86156719289,48025.0,552687.0,less
617,Natural landscape,False,1017.0,355229.0,518808.56538839726,519568.70446509885,15445.0,5678920.0,less
618,Nature,True,2.0,266225.5,266225.5,102471.7934092109,193767.0,338684.0,none
619,Nature,False,1030.0,351916.0,514828.82524271845,517685.3708499207,15445.0,5678920.0,none
620,Neck,True,13.0,437128.0,573673.9230769231,375941.11959442566,136433.0,1161180.0,none
621,Neck,False,1019.0,348895.0,513590.16683022573,518954.7046499851,15445.0,5678920.0,none
622,Necklace,True,6.0,731910.0,744394.0,286031.2417810334,392713.0,1094263.0,none
623,Necklace,False,1026.0,348793.5,513001.7319688109,518135.02487444924,15445.0,5678920.0,none
624,Neighbourhood,True,1.0,210054.0,210054.0,,210054.0,210054.0,none
625,Neighbourhood,False,1031.0,351779.0,514642.17943743936,517472.64214443596,15445.0,5678920.0,none
626,Netbook,True,1.0,416603.0,416603.0,,416603.0,416603.0,none
627,Netbook,False,1031.0,351196.0,514441.8409311348,517550.6113120978,15445.0,5678920.0,none
628,News,True,63.0,472882.0,625059.0158730159,564744.4878255747,64091.0,2816298.0,none
629,News,False,969.0,346250.0,507149.04334365326,513563.44986799476,15445.0,5678920.0,none
630,Newspaper,True,1.0,64091.0,64091.0,,64091.0,64091.0,none
631,Newspaper,False,1031.0,351779.0,514783.7536372454,517369.21367659414,15445.0,5678920.0,none
632,Non-commissioned officer,True,2.0,426648.0,426648.0,186154.34542873286,295017.0,558279.0,none
633,Non-commissioned officer,False,1030.0,351487.5,514517.32524271845,517764.02347414603,15445.0,5678920.0,none
634,Nose,True,50.0,548579.5,619801.5,407709.6659549188,95971.0,1976500.0,greater
635,Nose,False,982.0,343415.5,508977.66395112016,521870.7846450478,15445.0,5678920.0,greater
636,Office supplies,True,1.0,617204.0,617204.0,,617204.0,617204.0,none
637,Office supplies,False,1031.0,351196.0,514247.27158098936,517549.6483611044,15445.0,5678920.0,none
638,Official,True,13.0,1175306.0,1218631.6153846155,777140.5343425707,167488.0,2816298.0,greater
639,Official,False,1019.0,347617.0,505362.051030422,507435.9703445007,15445.0,5678920.0,greater
640,One-piece garment,True,1.0,1090732.0,1090732.0,,1090732.0,1090732.0,none
641,One-piece garment,False,1031.0,351196.0,513787.98157129,517247.58454898355,15445.0,5678920.0,none
642,Orange,True,5.0,128187.0,344880.0,455292.054334358,87675.0,1149049.0,none
643,Orange,False,1027.0,352053.0,515172.09444985393,517651.8616717719,15445.0,5678920.0,none
644,Organ,True,46.0,283359.0,442671.9130434783,525375.2701177755,16194.0,3159187.0,none
645,Organ,False,986.0,352703.5,517690.9056795132,516956.88324464596,15445.0,5678920.0,none
646,Organism,True,37.0,338684.0,422798.8918918919,330910.32773873146,40424.0,1263326.0,none
647,Organism,False,995.0,352053.0,517751.3386934673,522761.84568549367,15445.0,5678920.0,none
648,Ornament,True,1.0,1119734.0,1119734.0,,1119734.0,1119734.0,none
649,Ornament,False,1031.0,351196.0,513759.85160038795,517215.3864318809,15445.0,5678920.0,none
650,Outerwear,True,59.0,426551.0,526975.8983050848,435982.89488681324,69810.0,1884371.0,none
651,Outerwear,False,973.0,347617.0,513581.2569373073,522014.6102248178,15445.0,5678920.0,none
652,Output device,True,8.0,382664.5,452162.125,310013.15823154413,81231.0,996394.0,none
653,Output device,False,1024.0,351003.0,514832.85546875,518664.37143686536,15445.0,5678920.0,none
654,Overhead power line,True,1.0,364553.0,364553.0,,364553.0,364553.0,none
655,Overhead power line,False,1031.0,351196.0,514492.32589718717,517538.514559501,15445.0,5678920.0,none
656,Packaged goods,True,10.0,292331.0,575406.9,682571.9989447511,51703.0,2202206.0,none
657,Packaged goods,False,1022.0,351487.5,513749.5812133072,515834.64009092713,15445.0,5678920.0,none
658,Palm tree,True,1.0,2231848.0,2231848.0,,2231848.0,2231848.0,none
659,Palm tree,False,1031.0,351196.0,512681.17652764305,514782.7205082996,15445.0,5678920.0,none
660,Pants,True,40.0,430521.5,671648.45,613370.9817868812,44106.0,2986134.0,none
661,Pants,False,992.0,349751.0,508004.2368951613,512410.6226164254,15445.0,5678920.0,none
662,Parachute,True,1.0,377300.0,377300.0,,377300.0,377300.0,none
663,Parachute,False,1031.0,351196.0,514479.96217264794,517541.9474426321,15445.0,5678920.0,none
664,Parallel,True,3.0,417853.0,349038.3333333333,152627.70359712988,174119.0,455143.0,none
665,Parallel,False,1029.0,351196.0,514828.9854227405,517941.8517704338,15445.0,5678920.0,none
666,Party supply,True,2.0,266735.0,266735.0,129171.43836003376,175397.0,358073.0,none
667,Party supply,False,1030.0,351487.5,514827.8359223301,517680.0407329873,15445.0,5678920.0,none
668,Peaked cap,True,1.0,739021.0,739021.0,,739021.0,739021.0,none
669,Peaked cap,False,1031.0,351196.0,514129.1173617847,517512.18750248064,15445.0,5678920.0,none
670,People,True,31.0,307768.0,381025.0,266323.84939492994,38104.0,928439.0,none
671,People,False,1001.0,352053.0,518475.8901098901,522693.04902649694,15445.0,5678920.0,none
672,People in nature,True,8.0,241543.5,222548.625,107094.19540751097,48025.0,366079.0,none
673,People in nature,False,1024.0,353731.5,516626.7109375,518605.1496563267,15445.0,5678920.0,none
674,Performance art,True,1.0,288873.0,288873.0,,288873.0,288873.0,none
675,Performance art,False,1031.0,351779.0,514565.7303588749,517511.849346083,15445.0,5678920.0,none
676,Performing arts,True,13.0,288873.0,548475.8461538461,729488.637674918,59441.0,2830096.0,none
677,Performing arts,False,1019.0,351779.0,513911.6339548577,514526.48435645434,15445.0,5678920.0,none
678,Peripheral,True,2.0,402493.5,402493.5,19953.846258303183,388384.0,416603.0,none
679,Peripheral,False,1030.0,351003.0,514564.227184466,517787.1060503881,15445.0,5678920.0,none
680,Person,True,552.0,335323.5,532069.7934782609,540232.1015292387,30580.0,3770821.0,none
681,Person,False,480.0,358182.5,493965.8645833333,489389.3761081758,15445.0,5678920.0,none
682,Personal computer,True,1.0,416603.0,416603.0,,416603.0,416603.0,none
683,Personal computer,False,1031.0,351196.0,514441.8409311348,517550.6113120978,15445.0,5678920.0,none
684,Personal protective equipment,True,4.0,935890.0,1121044.5,900237.8978831095,380820.0,2231578.0,none
685,Personal protective equipment,False,1028.0,349852.5,511986.3453307393,514629.8019244805,15445.0,5678920.0,none
686,Photo caption,True,4.0,144252.5,162381.25,84128.11443813932,81965.0,279055.0,none
687,Photo caption,False,1028.0,352703.5,515716.55252918287,517827.5317148773,15445.0,5678920.0,none
688,Photograph,True,21.0,310150.0,319953.2380952381,223784.23843468173,16194.0,788279.0,none
689,Photograph,False,1011.0,352053.0,518384.88921859546,520940.0473439192,15445.0,5678920.0,none
690,Piano,True,1.0,1076786.0,1076786.0,,1076786.0,1076786.0,none
691,Piano,False,1031.0,351196.0,513801.5082444229,517262.5040851506,15445.0,5678920.0,none
692,Picture frame,True,6.0,395024.5,441977.1666666667,356713.0397826335,104680.0,1094263.0,none
693,Picture frame,False,1026.0,351487.5,514770.2514619883,518192.09958195826,15445.0,5678920.0,none
694,Pink,True,10.0,179748.0,213323.6,133401.2538198615,46606.0,475027.0,none
695,Pink,False,1022.0,353731.5,517292.47064579255,518821.81839025184,15445.0,5678920.0,none
696,Plaid,True,1.0,669753.0,669753.0,,669753.0,669753.0,none
697,Plaid,False,1031.0,351196.0,514196.30261881667,517536.9064765264,15445.0,5678920.0,none
698,Plain,True,1.0,60940.0,60940.0,,60940.0,60940.0,none
699,Plain,False,1031.0,351779.0,514786.80989330745,517366.5393817307,15445.0,5678920.0,none
700,Plank,True,1.0,154645.0,154645.0,,154645.0,154645.0,none
701,Plank,False,1031.0,351779.0,514695.92240543163,517438.09389207885,15445.0,5678920.0,none
702,Plant,True,47.0,373330.0,479660.97872340423,434373.30667788757,48025.0,2231848.0,none
703,Plant,False,985.0,348692.0,516002.1065989848,521065.8096717377,15445.0,5678920.0,none
704,Plant community,True,2.0,253248.0,253248.0,2589.4250327051373,251417.0,255079.0,none
705,Plant community,False,1030.0,351916.0,514854.02427184465,517682.7908459399,15445.0,5678920.0,none
706,Plate,True,1.0,162644.0,162644.0,,162644.0,162644.0,none
707,Plate,False,1031.0,351779.0,514688.1639185257,517443.4376382942,15445.0,5678920.0,none
708,Player,True,8.0,358340.5,478758.25,370411.3785512188,28892.0,1211776.0,none
709,Player,False,1024.0,351487.5,514625.0732421875,518412.97949947446,15445.0,5678920.0,none
710,Podium,True,7.0,136532.0,254034.85714285713,275252.40586258797,35217.0,791354.0,none
711,Podium,False,1025.0,352053.0,516124.77756097564,518196.0500344102,15445.0,5678920.0,none
712,Poker,True,1.0,186025.0,186025.0,,186025.0,186025.0,none
713,Poker,False,1031.0,351779.0,514665.48593598447,517458.36808045435,15445.0,5678920.0,none
714,Poker table,True,1.0,186025.0,186025.0,,186025.0,186025.0,none
715,Poker table,False,1031.0,351779.0,514665.48593598447,517458.36808045435,15445.0,5678920.0,none
716,Pole,True,4.0,378447.0,502916.25,408745.03459603846,159561.0,1095210.0,none
717,Pole,False,1028.0,351487.5,514391.51361867704,517843.4565272637,15445.0,5678920.0,none
718,Polo shirt,True,3.0,480323.0,502857.3333333333,325305.3962268891,189405.0,838844.0,none
719,Polo shirt,False,1029.0,351196.0,514380.5335276968,517863.68364583503,15445.0,5678920.0,none
720,Portable communications device,True,1.0,823032.0,823032.0,,823032.0,823032.0,none
721,Portable communications device,False,1031.0,351196.0,514047.6323957323,517470.11419951764,15445.0,5678920.0,none
722,Poster,True,52.0,227343.0,292995.9038461539,263681.76165220485,33539.0,1406229.0,less
723,Poster,False,980.0,362190.5,526092.1979591837,524842.5291950807,15445.0,5678920.0,less
724,Product,True,143.0,257309.0,364764.53846153844,292786.1014687658,16194.0,1254076.0,less
725,Product,False,889.0,364389.0,538408.1124859393,541120.9006678346,15445.0,5678920.0,less
726,Projection screen,True,2.0,926015.0,926015.0,694533.0084034883,434906.0,1417124.0,none
727,Projection screen,False,1030.0,351003.0,513547.6805825243,517039.0979342986,15445.0,5678920.0,none
728,Property,True,5.0,100790.0,148972.6,103210.63020251355,62180.0,321304.0,none
729,Property,False,1027.0,353354.0,516125.8792599805,517896.6736367128,15445.0,5678920.0,none
730,Public address system,True,26.0,354956.0,465216.23076923075,364375.50442194194,50251.0,1445907.0,none
731,Public address system,False,1006.0,351487.5,515616.8180914513,520734.5921395448,15445.0,5678920.0,none
732,Public space,True,6.0,389358.5,512198.5,355692.91990971647,104867.0,1048072.0,none
733,Public space,False,1026.0,351003.0,514359.60038986354,518225.24753775646,15445.0,5678920.0,none
734,Public speaking,True,8.0,249559.0,408189.0,416283.4621515214,50251.0,1267306.0,none
735,Public speaking,False,1024.0,351916.0,515176.3955078125,518098.6872468392,15445.0,5678920.0,none
736,Publication,True,67.0,172489.0,275528.80597014923,326309.2770296971,16194.0,2202206.0,less
737,Publication,False,965.0,370173.0,530928.1979274611,524097.55109321175,15445.0,5678920.0,less
738,Purple,True,18.0,386095.5,382442.77777777775,249070.1271793231,40424.0,784579.0,none
739,Purple,False,1014.0,351003.0,516688.5315581854,520583.81889007485,15445.0,5678920.0,none
740,Rage,True,4.0,320366.5,370870.75,175049.23373606446,228072.0,614678.0,none
741,Rage,False,1028.0,351487.5,514905.3093385214,518150.9412045286,15445.0,5678920.0,none
742,Railway,True,3.0,455143.0,422394.3333333333,110982.95896367755,298722.0,513318.0,none
743,Railway,False,1029.0,351196.0,514615.1195335277,518015.7848098152,15445.0,5678920.0,none
744,Real estate,True,4.0,284537.5,365056.75,349110.03591262834,51273.0,839879.0,none
745,Real estate,False,1028.0,351487.5,514927.9319066148,517887.27686755947,15445.0,5678920.0,none
746,Recipe,True,4.0,172710.5,313470.25,305293.19684894715,137879.0,770581.0,none
747,Recipe,False,1028.0,351916.0,515128.65758754866,517899.95360037935,15445.0,5678920.0,none
748,Recreation,True,34.0,396032.5,622323.5882352941,588645.6981564274,44106.0,2231578.0,none
749,Recreation,False,998.0,349852.5,510668.4759519038,514639.66702935286,15445.0,5678920.0,none
750,Rectangle,True,23.0,270863.0,432914.6956521739,337667.93216459313,95379.0,1341487.0,none
751,Rectangle,False,1009.0,352053.0,516203.2735381566,520644.7570520024,15445.0,5678920.0,none
752,Red,True,38.0,257681.5,356690.8157894737,364919.8323191411,32653.0,2106744.0,none
753,Red,False,994.0,355707.5,520374.1348088531,521439.8120370776,15445.0,5678920.0,none
754,Rib,True,1.0,942724.0,942724.0,,942724.0,942724.0,none
755,Rib,False,1031.0,351196.0,513931.5392822502,517387.2680347688,15445.0,5678920.0,none
756,Road,True,7.0,455143.0,510094.4285714286,188797.50024109354,314377.0,893509.0,none
757,Road,False,1025.0,348895.0,514376.0780487805,518872.3152644007,15445.0,5678920.0,none
758,Road surface,True,7.0,513318.0,600146.0,438542.40933574486,130980.0,1341487.0,none
759,Road surface,False,1025.0,350810.0,513761.0917073171,517938.1435834187,15445.0,5678920.0,none
760,Rolling,True,1.0,513318.0,513318.0,,513318.0,513318.0,none
761,Rolling,False,1031.0,351196.0,514348.0339476237,517559.5800146094,15445.0,5678920.0,none
762,Rolling stock,True,1.0,513318.0,513318.0,,513318.0,513318.0,none
763,Rolling stock,False,1031.0,351196.0,514348.0339476237,517559.5800146094,15445.0,5678920.0,none
764,Rural area,True,1.0,95379.0,95379.0,,95379.0,95379.0,none
765,Rural area,False,1031.0,351779.0,514753.4064015519,517394.75550936244,15445.0,5678920.0,none
766,Saba banana,True,1.0,266421.0,266421.0,,266421.0,266421.0,none
767,Saba banana,False,1031.0,351779.0,514587.5072744908,517501.86956409883,15445.0,5678920.0,none
768,Sad,True,20.0,600476.5,712197.2,713777.9520742611,15445.0,2816298.0,none
769,Sad,False,1012.0,348793.5,510436.95355731226,512384.2092067998,16194.0,5678920.0,none
770,Saucer,True,1.0,162644.0,162644.0,,162644.0,162644.0,none
771,Saucer,False,1031.0,351779.0,514688.1639185257,517443.4376382942,15445.0,5678920.0,none
772,Scarf,True,3.0,437128.0,554335.6666666666,440437.6573209122,184358.0,1041521.0,none
773,Scarf,False,1029.0,351196.0,514230.4509232264,517693.905825826,15445.0,5678920.0,none
774,Screenshot,True,53.0,470882.0,599917.8867924528,419697.078250202,115581.0,1997211.0,none
775,Screenshot,False,979.0,346250.0,509714.49744637386,521849.08865389484,15445.0,5678920.0,none
776,Security,True,3.0,295017.0,417084.3333333333,281506.1292571324,217215.0,739021.0,none
777,Security,False,1029.0,351779.0,514630.6005830904,517887.2479638299,15445.0,5678920.0,none
778,Serveware,True,1.0,162644.0,162644.0,,162644.0,162644.0,none
779,Serveware,False,1031.0,351779.0,514688.1639185257,517443.4376382942,15445.0,5678920.0,none
780,Service,True,2.0,456510.5,456510.5,451890.0235461057,136976.0,776045.0,none
781,Service,False,1030.0,351487.5,514459.33980582526,517613.055097804,15445.0,5678920.0,none
782,Sharing,True,13.0,416759.0,496326.92307692306,449936.76217209705,77563.0,1776531.0,none
783,Sharing,False,1019.0,350810.0,514576.92934249266,518300.0446507671,15445.0,5678920.0,none
784,Shelf,True,20.0,232129.0,380544.0,437834.6720449819,76910.0,1864528.0,none
785,Shelf,False,1012.0,354539.0,516991.3646245059,518592.5288096727,15445.0,5678920.0,none
786,Shelving,True,13.0,187100.0,238185.84615384616,169092.6228017484,76910.0,702760.0,none
787,Shelving,False,1019.0,354969.0,517870.19136408245,519328.52616100304,15445.0,5678920.0,none
788,Shirt,True,38.0,289122.5,395067.9210526316,337752.8372005091,71723.0,1417124.0,none
789,Shirt,False,994.0,353731.5,518907.0020120724,522525.6229570706,15445.0,5678920.0,none
790,Shoe,True,12.0,329814.5,471673.0,361969.29434314277,44106.0,1083336.0,none
791,Shoe,False,1020.0,351916.0,514849.0833333333,518963.8352183169,15445.0,5678920.0,none
792,Shooting,True,1.0,396676.0,396676.0,,396676.0,396676.0,none
793,Shooting,False,1031.0,351196.0,514461.16876818624,517546.5811669916,15445.0,5678920.0,none
794,Shorts,True,17.0,322615.0,376153.35294117645,216409.38914934502,44762.0,776045.0,none
795,Shorts,False,1015.0,352053.0,516661.60985221673,520605.5248712701,15445.0,5678920.0,none
796,Shotgun,True,1.0,396676.0,396676.0,,396676.0,396676.0,none
797,Shotgun,False,1031.0,351196.0,514461.16876818624,517546.5811669916,15445.0,5678920.0,none
798,Shoulder,True,6.0,380017.5,555361.0,328435.0095498347,286577.0,1090732.0,none
799,Shoulder,False,1026.0,349852.5,514107.1881091618,518303.4781219342,15445.0,5678920.0,none
800,Sign language,True,2.0,1614496.0,1614496.0,1022807.331569343,891262.0,2337730.0,none
801,Sign language,False,1030.0,351003.0,512210.82427184464,514543.08267698996,15445.0,5678920.0,none
802,Signage,True,1.0,84518.0,84518.0,,84518.0,84518.0,none
803,Signage,False,1031.0,351779.0,514763.9408341416,517386.09767825925,15445.0,5678920.0,none
804,Signature,True,1.0,292013.0,292013.0,,292013.0,292013.0,none
805,Signature,False,1031.0,351779.0,514562.68477206596,517513.1695910636,15445.0,5678920.0,none
806,Singer,True,1.0,338650.0,338650.0,,338650.0,338650.0,none
807,Singer,False,1031.0,351779.0,514517.4500484966,517530.5985992671,15445.0,5678920.0,none
808,Skin,True,26.0,592272.5,649920.5769230769,342254.9971888414,95971.0,1300775.0,greater
809,Skin,False,1006.0,346015.5,510843.14711729623,520701.0770531999,15445.0,5678920.0,greater
810,Sky,True,83.0,298722.0,414011.3734939759,387422.6518478838,30580.0,2231848.0,none
811,Sky,False,949.0,355107.0,523122.4415173867,526399.4791854101,15445.0,5678920.0,none
812,Skyscraper,True,2.0,1385645.5,1385645.5,776719.3224740196,836422.0,1934869.0,none
813,Skyscraper,False,1030.0,351003.0,512655.1941747573,515813.48506005254,15445.0,5678920.0,none
814,Sleeve,True,184.0,419610.5,589132.8152173914,564528.7903449542,30580.0,3518737.0,none
815,Sleeve,False,848.0,341934.0,498119.93278301886,505379.31905730284,15445.0,5678920.0,none
816,Slope,True,3.0,455143.0,430639.6666666667,172185.63278431023,247515.0,589261.0,none
817,Slope,False,1029.0,351196.0,514591.0806608358,517987.3310674684,15445.0,5678920.0,none
818,Small to medium-sized cats,True,1.0,182777.0,182777.0,,182777.0,182777.0,none
819,Small to medium-sized cats,False,1031.0,351779.0,514668.6362754607,517456.35543084727,15445.0,5678920.0,none
820,Smile,True,304.0,257449.5,436862.61842105264,555278.9559485628,30580.0,5678920.0,less
821,Smile,False,728.0,389874.0,546703.1662087912,497436.64057511213,15445.0,3205936.0,less
822,Snapshot,True,4.0,431459.0,465856.0,128083.02508139008,356985.0,643521.0,none
823,Snapshot,False,1028.0,349852.5,514535.71692607005,518259.8585654151,15445.0,5678920.0,none
824,Sneakers,True,4.0,381153.5,417362.5,193473.76649819996,232745.0,674398.0,none
825,Sneakers,False,1028.0,351487.5,514724.40758754866,518173.98175066645,15445.0,5678920.0,none
826,Soccer,True,1.0,284498.0,284498.0,,284498.0,284498.0,none
827,Soccer,False,1031.0,351779.0,514569.9738118332,517509.97895676875,15445.0,5678920.0,none
828,Social group,True,28.0,135623.5,322612.6785714286,440332.8862299903,32555.0,1864528.0,less
829,Social group,False,1004.0,355707.5,519694.2091633466,518463.4871835975,15445.0,5678920.0,less
830,Soldier,True,1.0,293731.0,293731.0,,293731.0,293731.0,none
831,Soldier,False,1031.0,351779.0,514561.01842871,517513.88410391,15445.0,5678920.0,none
832,Speaker,True,2.0,749760.5,749760.5,731919.8652451647,232215.0,1267306.0,none
833,Speaker,False,1030.0,351487.5,513889.92233009706,517203.73658088,15445.0,5678920.0,none
834,Speech,True,7.0,1275237.0,1115630.2857142857,965494.5997426594,50251.0,2594701.0,none
835,Speech,False,1025.0,350810.0,510240.7112195122,511358.1069633407,15445.0,5678920.0,none
836,Spokesperson,True,106.0,605049.5,723322.3113207547,646072.9704554074,41414.0,3770821.0,greater
837,Spokesperson,False,926.0,337629.0,490425.46004319657,495293.4061283654,15445.0,5678920.0,greater
838,Sports,True,3.0,345781.0,393567.0,206359.2068118115,215293.0,619627.0,none
839,Sports,False,1029.0,351779.0,514699.16423712345,517941.6179981768,15445.0,5678920.0,none
840,Sports equipment,True,4.0,359645.5,1130631.5,1592751.4055040102,284498.0,3518737.0,none
841,Sports equipment,False,1028.0,351487.5,511949.04182879376,509661.52238800604,15445.0,5678920.0,none
842,Sports gear,True,2.0,804226.0,804226.0,576362.7373451549,396676.0,1211776.0,none
843,Sports gear,False,1030.0,351003.0,513784.1640776699,517341.0541469081,15445.0,5678920.0,none
844,Sports jersey,True,4.0,859145.5,825241.75,438142.67903836607,370900.0,1211776.0,none
845,Sports jersey,False,1028.0,349852.5,513137.3287937743,517408.6469095111,15445.0,5678920.0,none
846,Sports uniform,True,4.0,315139.5,505588.25,475721.9568868458,180298.0,1211776.0,none
847,Sports uniform,False,1028.0,351916.0,514381.1167315175,517676.5514947774,15445.0,5678920.0,none
848,Sportswear,True,5.0,370900.0,754974.0,624748.4173141217,281311.0,1626385.0,none
849,Sportswear,False,1027.0,351196.0,513175.5316455696,516823.97057751915,15445.0,5678920.0,none
850,Squad,True,1.0,293731.0,293731.0,,293731.0,293731.0,none
851,Squad,False,1031.0,351779.0,514561.01842871,517513.88410391,15445.0,5678920.0,none
852,Stadium,True,7.0,312326.0,419995.4285714286,332096.9593968289,68053.0,1015945.0,none
853,Stadium,False,1025.0,351779.0,514991.38829268294,518391.7117341646,15445.0,5678920.0,none
854,Stage,True,3.0,1076786.0,1552676.0,1118195.754195123,751146.0,2830096.0,none
855,Stage,False,1029.0,350810.0,511319.8377065112,512641.1955120949,15445.0,5678920.0,none
856,Stage equipment,True,8.0,178784.0,597979.125,769136.9821077642,35217.0,2215610.0,none
857,Stage equipment,False,1024.0,351916.0,513693.66015625,515361.828358506,15445.0,5678920.0,none
858,Standing,True,7.0,497943.0,591020.1428571428,384230.52232847083,133699.0,1118535.0,none
859,Standing,False,1025.0,350810.0,513823.4146341463,518200.6942352446,15445.0,5678920.0,none
860,Stemware,True,1.0,689876.0,689876.0,,689876.0,689876.0,none
861,Stemware,False,1031.0,351196.0,514176.78467507276,517530.6540234145,15445.0,5678920.0,none
862,Stole,True,1.0,437128.0,437128.0,,437128.0,437128.0,none
863,Stole,False,1031.0,351196.0,514421.93307468476,517553.9828584259,15445.0,5678920.0,none
864,Straw hat,True,1.0,198393.0,198393.0,,198393.0,198393.0,none
865,Straw hat,False,1031.0,351779.0,514653.4898157129,517465.85058063065,15445.0,5678920.0,none
866,Street light,True,1.0,291636.0,291636.0,,291636.0,291636.0,none
867,Street light,False,1031.0,351779.0,514563.05043646944,517513.01205578767,15445.0,5678920.0,none
868,String instrument,True,1.0,901032.0,901032.0,,901032.0,901032.0,none
869,String instrument,False,1031.0,351196.0,513971.97769156157,517419.18106307107,15445.0,5678920.0,none
870,String instrument accessory,True,1.0,901032.0,901032.0,,901032.0,901032.0,none
871,String instrument accessory,False,1031.0,351196.0,513971.97769156157,517419.18106307107,15445.0,5678920.0,none
872,Style,True,2.0,315555.0,315555.0,238239.83093093397,147094.0,484016.0,none
873,Style,False,1030.0,351487.5,514733.0398058252,517683.418439866,15445.0,5678920.0,none
874,Suit,True,135.0,347617.0,602199.9185185186,632501.5953010859,32653.0,3205936.0,none
875,Suit,False,897.0,352053.0,501125.03010033444,496749.91386955336,15445.0,5678920.0,none
876,Suit trousers,True,6.0,659655.5,723965.0,537619.3869688852,100790.0,1362648.0,none
877,Suit trousers,False,1026.0,351003.0,513121.1998050682,517209.7791840122,15445.0,5678920.0,none
878,Summer,True,3.0,514385.0,472381.0,86109.80439531842,373330.0,529428.0,none
879,Summer,False,1029.0,350810.0,514469.3858114674,518043.9009515234,15445.0,5678920.0,none
880,Sun hat,True,6.0,214399.5,440873.1666666667,566247.0495045132,38285.0,1554575.0,none
881,Sun hat,False,1026.0,351916.0,514776.70760233916,517280.1279212971,15445.0,5678920.0,none
882,Sunglasses,True,20.0,338138.5,489364.55,324327.7355641285,73079.0,1123941.0,none
883,Sunglasses,False,1012.0,351487.5,514840.76086956525,520492.65940522746,15445.0,5678920.0,none
884,Swimwear,True,1.0,942724.0,942724.0,,942724.0,942724.0,none
885,Swimwear,False,1031.0,351196.0,513931.5392822502,517387.2680347688,15445.0,5678920.0,none
886,Synthetic rubber,True,1.0,329594.0,329594.0,,329594.0,329594.0,none
887,Synthetic rubber,False,1031.0,351779.0,514526.23375363724,517527.5338101596,15445.0,5678920.0,none
888,T-shirt,True,89.0,318394.0,425460.4606741573,405114.5202643618,33837.0,1735204.0,none
889,T-shirt,False,943.0,354109.0,522736.11876988335,526063.8345171588,15445.0,5678920.0,none
890,Table,True,28.0,438354.5,526427.4285714285,441484.34625606245,41414.0,2215610.0,none
891,Table,False,1004.0,348154.5,514010.1324701195,519449.464849765,15445.0,5678920.0,none
892,Table top,True,2.0,939077.5,939077.5,98837.26455391206,869189.0,1008966.0,none
893,Table top,False,1030.0,351003.0,513522.31650485436,517462.50145565264,15445.0,5678920.0,none
894,Tableware,True,6.0,155154.0,568475.8333333334,829770.1347892479,41414.0,2134880.0,none
895,Tableware,False,1026.0,351916.0,514030.4931773879,515556.703837044,15445.0,5678920.0,none
896,Tartan,True,2.0,837773.0,837773.0,237616.16274992743,669753.0,1005793.0,none
897,Tartan,False,1030.0,351003.0,513719.02427184465,517561.2629858936,15445.0,5678920.0,none
898,Team,True,9.0,117553.0,335102.6666666667,460685.8812075751,49290.0,1437107.0,none
899,Team,False,1023.0,352053.0,515923.96578690124,517704.5573046293,15445.0,5678920.0,none
900,Technology,True,46.0,451381.5,544248.3695652174,372362.15945246746,35177.0,1446403.0,none
901,Technology,False,986.0,348154.5,512952.0446247464,523189.65085928445,15445.0,5678920.0,none
902,Television,True,7.0,784579.0,857090.1428571428,512978.3505689847,269466.0,1593378.0,none
903,Television,False,1025.0,348895.0,512006.3512195122,516804.6648840466,15445.0,5678920.0,none
904,Television presenter,True,20.0,760392.5,849223.1,620924.698230063,89261.0,2141232.0,greater
905,Television presenter,False,1012.0,347461.5,507728.9318181818,513219.3062188762,15445.0,5678920.0,greater
906,Television program,True,18.0,808919.0,974283.2222222222,596391.3491927491,186025.0,2215610.0,greater
907,Television program,False,1014.0,346015.5,506182.4881656805,512414.504164212,15445.0,5678920.0,greater
908,Television set,True,5.0,387786.0,655089.6,547922.6134120584,88325.0,1435469.0,none
909,Television set,False,1027.0,350810.0,513661.82375851995,517343.978034407,15445.0,5678920.0,none
910,Television studio,True,1.0,751146.0,751146.0,,751146.0,751146.0,none
911,Television studio,False,1031.0,351196.0,514117.35693501454,517506.93382497673,15445.0,5678920.0,none
912,Temple,True,2.0,73903.0,73903.0,58964.22026958383,32209.0,115597.0,none
913,Temple,False,1030.0,351916.0,515202.26699029125,517442.8278829216,15445.0,5678920.0,none
914,Tent,True,1.0,836422.0,836422.0,,836422.0,836422.0,none
915,Tent,False,1031.0,351196.0,514034.64500484965,517462.18340789696,15445.0,5678920.0,none
916,Terrestrial plant,True,39.0,474723.0,480731.0,296447.1562468463,48025.0,1114240.0,none
917,Terrestrial plant,False,993.0,348692.0,515667.303121853,524133.96338886063,15445.0,5678920.0,none
918,Textile,True,2.0,145095.0,145095.0,27642.218290144516,125549.0,164641.0,none
919,Textile,False,1030.0,351916.0,515064.0300970874,517553.8354212121,15445.0,5678920.0,none
920,Thigh,True,8.0,562850.0,636112.375,411884.96846881113,111768.0,1211776.0,none
921,Thigh,False,1024.0,349852.5,513395.744140625,518095.6857870111,15445.0,5678920.0,none
922,Thoroughfare,True,7.0,415081.0,455569.14285714284,213142.36160793924,227687.0,893509.0,none
923,Thoroughfare,False,1025.0,350810.0,514748.44585365854,518794.26623043686,15445.0,5678920.0,none
924,Thumb,True,31.0,577080.0,722015.6774193548,537705.500199839,45556.0,2337730.0,greater
925,Thumb,False,1001.0,347443.0,507915.73926073924,515608.208041347,15445.0,5678920.0,greater
926,Thumbs signal,True,2.0,116373.0,116373.0,100150.36184657547,45556.0,187190.0,none
927,Thumbs signal,False,1030.0,351916.0,515119.8009708738,517503.6754267101,15445.0,5678920.0,none
928,Tie,True,206.0,432432.5,691324.427184466,735153.6830957729,30580.0,5678920.0,greater
929,Tie,False,826.0,337629.0,470209.8171912833,436307.1814111502,15445.0,3518737.0,greater
930,Tints and shades,True,8.0,248317.0,455652.375,452224.3018840911,95379.0,1341487.0,none
931,Tints and shades,False,1024.0,351916.0,514805.587890625,517952.04842851456,15445.0,5678920.0,none
932,Tire,True,5.0,274899.0,513936.8,546557.9949234116,130980.0,1475104.0,none
933,Tire,False,1027.0,351779.0,514349.0331061344,517443.34574945946,15445.0,5678920.0,none
934,Toddler,True,2.0,311722.0,311722.0,379129.4428687912,43637.0,579807.0,none
935,Toddler,False,1030.0,351487.5,514740.4825242718,517598.8754072731,15445.0,5678920.0,none
936,Tom-tom drum,True,1.0,307963.0,307963.0,,307963.0,307963.0,none
937,Tom-tom drum,False,1031.0,351779.0,514547.2143549952,517519.589992594,15445.0,5678920.0,none
938,Tool,True,1.0,527132.0,527132.0,,527132.0,527132.0,none
939,Tool,False,1031.0,351196.0,514334.6353055286,517559.4275496986,15445.0,5678920.0,none
940,Top,True,48.0,393945.5,576024.7291666666,540443.8929251343,16194.0,2986134.0,none
941,Top,False,984.0,348793.5,511338.36788617884,516251.36649346026,15445.0,5678920.0,none
942,Tower,True,1.0,377300.0,377300.0,,377300.0,377300.0,none
943,Tower,False,1031.0,351196.0,514479.96217264794,517541.9474426321,15445.0,5678920.0,none
944,Tower block,True,2.0,1072461.5,1072461.5,1219628.382792275,210054.0,1934869.0,none
945,Tower block,False,1030.0,351487.5,513263.3184466019,515825.61493785953,15445.0,5678920.0,none
946,Toy,True,2.0,674404.0,674404.0,379461.78305594885,406084.0,942724.0,none
947,Toy,False,1030.0,351003.0,514036.24563106796,517627.6810833035,15445.0,5678920.0,none
948,Track,True,3.0,455143.0,422394.3333333333,110982.95896367755,298722.0,513318.0,none
949,Track,False,1029.0,351196.0,514615.1195335277,518015.7848098152,15445.0,5678920.0,none
950,Tradesman,True,1.0,154645.0,154645.0,,154645.0,154645.0,none
951,Tradesman,False,1031.0,351779.0,514695.92240543163,517438.09389207885,15445.0,5678920.0,none
952,Tradition,True,1.0,115597.0,115597.0,,115597.0,115597.0,none
953,Tradition,False,1031.0,351779.0,514733.796314258,517410.2817767523,15445.0,5678920.0,none
954,Train,True,2.0,406020.0,406020.0,151742.28681550836,298722.0,513318.0,none
955,Train,False,1030.0,351487.5,514557.3796116505,517767.331366581,15445.0,5678920.0,none
956,Travel,True,19.0,350810.0,386794.5263157895,263613.5188906856,75659.0,1006781.0,none
957,Travel,False,1013.0,351779.0,516739.43237907207,520658.38786848605,15445.0,5678920.0,none
958,Tread,True,1.0,230917.0,230917.0,,230917.0,230917.0,none
959,Tread,False,1031.0,351779.0,514621.94374393794,517484.1557430131,15445.0,5678920.0,none
960,Tree,True,39.0,406084.0,578100.0256410256,496878.3894388988,48025.0,2231848.0,none
961,Tree,False,993.0,347617.0,511843.1419939577,518175.1765659488,15445.0,5678920.0,none
962,Tripod,True,2.0,2218503.0,2218503.0,1085594.1710980213,1450872.0,2986134.0,greater
963,Tripod,False,1030.0,351003.0,511037.9951456311,511201.8931422882,15445.0,5678920.0,greater
964,Trousers,True,16.0,427276.0,540914.75,432093.2014467095,32653.0,1362648.0,none
965,Trousers,False,1016.0,351003.0,513928.6466535433,518706.15667246265,15445.0,5678920.0,none
966,Truck,True,1.0,274543.0,274543.0,,274543.0,274543.0,none
967,Truck,False,1031.0,351779.0,514579.62948593596,517505.5890493972,15445.0,5678920.0,none
968,Truck driver,True,1.0,85093.0,85093.0,,85093.0,85093.0,none
969,Truck driver,False,1031.0,351779.0,514763.38312318135,517386.56159694784,15445.0,5678920.0,none
970,Trunk,True,3.0,234429.0,321907.3333333333,158359.47400876696,226584.0,504709.0,none
971,Trunk,False,1029.0,351779.0,514908.08454810496,517911.0794426557,15445.0,5678920.0,none
972,Umbrella,True,1.0,136532.0,136532.0,,136532.0,136532.0,none
973,Umbrella,False,1031.0,351779.0,514713.49078564503,517425.5491093893,15445.0,5678920.0,none
974,Uniform,True,1.0,595560.0,595560.0,,595560.0,595560.0,none
975,Uniform,False,1031.0,351196.0,514268.2647914646,517553.38878301927,15445.0,5678920.0,none
976,Urban area,True,1.0,923980.0,923980.0,,923980.0,923980.0,none
977,Urban area,False,1031.0,351196.0,513949.7196896217,517402.01977725833,15445.0,5678920.0,none
978,Urban design,True,18.0,414841.0,525461.1111111111,435154.6114219079,60940.0,1934869.0,none
979,Urban design,False,1014.0,348793.5,514149.7445759369,518828.68164071965,15445.0,5678920.0,none
980,V sign,True,1.0,76934.0,76934.0,,76934.0,76934.0,none
981,V sign,False,1031.0,351779.0,514771.29679922404,517379.9206397081,15445.0,5678920.0,none
982,Vegetation,True,2.0,348723.0,348723.0,3497.350139748664,346250.0,351196.0,none
983,Vegetation,False,1030.0,351916.0,514668.6359223301,517759.41004806117,15445.0,5678920.0,none
984,Vehicle,True,20.0,294347.5,408681.75,317324.2545469481,78726.0,1475104.0,none
985,Vehicle,False,1012.0,352703.5,516435.2826086957,520369.4973904437,15445.0,5678920.0,none
986,Vehicle door,True,2.0,743995.5,743995.5,227748.48761846917,582953.0,905038.0,none
987,Vehicle door,False,1030.0,351003.0,513901.11650485435,517663.14121090004,15445.0,5678920.0,none
988,Vehicle registration plate,True,2.0,240160.5,240160.5,43419.89189875995,209458.0,270863.0,none
989,Vehicle registration plate,False,1030.0,351916.0,514879.4368932039,517667.85068341927,15445.0,5678920.0,none
990,Vertebrate,True,3.0,305558.0,295671.6666666667,189787.721205386,101134.0,480323.0,none
991,Vertebrate,False,1029.0,351779.0,514984.573372206,517860.04950711294,15445.0,5678920.0,none
992,Vest,True,1.0,322615.0,322615.0,,322615.0,322615.0,none
993,Vest,False,1031.0,351779.0,514533.0029097963,517525.0668488117,15445.0,5678920.0,none
994,Vestment,True,1.0,739021.0,739021.0,,739021.0,739021.0,none
995,Vestment,False,1031.0,351196.0,514129.1173617847,517512.18750248064,15445.0,5678920.0,none
996,Video camera,True,1.0,2986134.0,2986134.0,,2986134.0,2986134.0,none
997,Video camera,False,1031.0,351196.0,511949.5703200776,511791.352995135,15445.0,5678920.0,none
998,Videographer,True,1.0,2986134.0,2986134.0,,2986134.0,2986134.0,none
999,Videographer,False,1031.0,351196.0,511949.5703200776,511791.352995135,15445.0,5678920.0,none
1000,Violet,True,5.0,434906.0,416085.4,322335.9310336035,40424.0,784579.0,none
1001,Violet,False,1027.0,351196.0,514825.4274586173,518131.1483013667,15445.0,5678920.0,none
1002,Vision care,True,33.0,394976.0,493778.0606060606,391302.55279458466,37174.0,1884371.0,none
1003,Vision care,False,999.0,351196.0,515026.4914914915,521088.1251957866,15445.0,5678920.0,none
1004,Volleyball,True,1.0,672392.0,672392.0,,672392.0,672392.0,none
1005,Volleyball,False,1031.0,351196.0,514193.74296799226,517536.1298329357,15445.0,5678920.0,none
1006,Waist,True,1.0,504709.0,504709.0,,504709.0,504709.0,none
1007,Waist,False,1031.0,351196.0,514356.3840931135,517559.4937979049,15445.0,5678920.0,none
1008,Wall,True,1.0,116537.0,116537.0,,116537.0,116537.0,none
1009,Wall,False,1031.0,351779.0,514732.8845780795,517410.9849540627,15445.0,5678920.0,none
1010,Watch,True,16.0,606048.5,608184.9375,426346.747482761,33539.0,1504112.0,none
1011,Watch,False,1016.0,351003.0,512869.2736220473,518651.4122156353,15445.0,5678920.0,none
1012,Water,True,20.0,301941.0,435690.5,479695.981242451,60940.0,2231848.0,none
1013,Water,False,1012.0,351916.0,515901.5128458498,518124.25006468745,15445.0,5678920.0,none
1014,Water resources,True,5.0,257890.0,410909.0,264377.19267081266,152280.0,715705.0,none
1015,Water resources,False,1027.0,351779.0,514850.62901655305,518254.1342447915,15445.0,5678920.0,none
1016,Watercourse,True,2.0,254653.5,254653.5,4577.102194620522,251417.0,257890.0,none
1017,Watercourse,False,1030.0,351916.0,514851.29514563107,517684.1542361234,15445.0,5678920.0,none
1018,Watercraft,True,1.0,130980.0,130980.0,,130980.0,130980.0,none
1019,Watercraft,False,1031.0,351779.0,514718.8758486906,517421.5804336522,15445.0,5678920.0,none
1020,Waterfall,True,1.0,85084.0,85084.0,,85084.0,85084.0,none
1021,Waterfall,False,1031.0,351779.0,514763.39185257035,517386.55434039916,15445.0,5678920.0,none
1022,Wheel,True,6.0,352065.5,535158.1666666666,468338.9843783738,274543.0,1475104.0,none
1023,Wheel,False,1026.0,351487.5,514225.3333333333,517785.75158094295,15445.0,5678920.0,none
1024,White,True,8.0,531239.5,569725.25,408640.79573621694,121834.0,1315442.0,none
1025,White,False,1024.0,351003.0,513914.3935546875,518202.6996027614,15445.0,5678920.0,none
1026,White coat,True,1.0,1884371.0,1884371.0,,1884371.0,1884371.0,none
1027,White coat,False,1031.0,351196.0,513018.20562560624,515794.39278678264,15445.0,5678920.0,none
1028,White-collar worker,True,31.0,347617.0,535709.3548387097,453534.45411909255,45729.0,1717138.0,none
1029,White-collar worker,False,1001.0,351779.0,513685.46553446556,519344.3631510667,15445.0,5678920.0,none
1030,Wind,True,1.0,364553.0,364553.0,,364553.0,364553.0,none
1031,Wind,False,1031.0,351196.0,514492.32589718717,517538.514559501,15445.0,5678920.0,none
1032,Wind wave,True,1.0,166467.0,166467.0,,166467.0,166467.0,none
1033,Wind wave,False,1031.0,351779.0,514684.4558680892,517445.94913992344,15445.0,5678920.0,none
1034,Window,True,17.0,363636.0,471976.0,323182.3329822888,49719.0,1067642.0,none
1035,Window,False,1015.0,351196.0,515056.6985221675,520015.33983043645,15445.0,5678920.0,none
1036,Window blind,True,1.0,668805.0,668805.0,,668805.0,668805.0,none
1037,Window blind,False,1031.0,351196.0,514197.222114452,517537.18227491854,15445.0,5678920.0,none
1038,Wing,True,1.0,677253.0,677253.0,,677253.0,677253.0,none
1039,Wing,False,1031.0,351196.0,514189.02812803106,517534.66503402055,15445.0,5678920.0,none
1040,Wood,True,17.0,247515.0,329655.0,285796.64945136255,95379.0,1341487.0,none
1041,Wood,False,1015.0,354109.0,517440.4,519831.06793611625,15445.0,5678920.0,none
1042,Wood stain,True,3.0,247515.0,581215.6666666666,660049.6833128043,154645.0,1341487.0,none
1043,Wood stain,False,1029.0,351779.0,514152.08357628767,517231.4553247913,15445.0,5678920.0,none
1044,Woody plant,True,2.0,137304.5,137304.5,126260.27974188873,48025.0,226584.0,none
1045,Woody plant,False,1030.0,351916.0,515079.1572815534,517528.6470224098,15445.0,5678920.0,none
1046,Workwear,True,3.0,295747.0,408812.3333333333,325764.2049110573,154645.0,776045.0,none
1047,Workwear,False,1029.0,351779.0,514654.7172011662,517832.02165251825,15445.0,5678920.0,none
1048,World,True,153.0,319874.0,424958.13071895426,391892.0860013582,33837.0,2202206.0,none
1049,World,False,879.0,362323.0,529906.196814562,534807.3175357927,15445.0,5678920.0,none
1050,Wrinkle,True,36.0,347110.0,501787.6666666667,502857.5494805661,15445.0,2360828.0,none
1051,Wrinkle,False,996.0,351487.5,514800.9889558233,518063.4345969621,16194.0,5678920.0,none
1052,Wrist,True,5.0,527132.0,599249.2,338250.70732328115,175170.0,1070719.0,none
1053,Wrist,False,1027.0,350810.0,513933.6854917235,518103.15865610976,15445.0,5678920.0,none
1054,Writing implement,True,1.0,617204.0,617204.0,,617204.0,617204.0,none
1055,Writing implement,False,1031.0,351196.0,514247.27158098936,517549.6483611044,15445.0,5678920.0,none
1056,Yellow,True,17.0,390036.0,535174.3529411765,323578.8075598704,33837.0,1099270.0,none
1057,Yellow,False,1015.0,347617.0,513998.2039408867,520033.7645077247,15445.0,5678920.0,none
1058,Youth,True,9.0,69997.0,101514.0,85840.21577180477,33837.0,312149.0,less
1059,Youth,False,1023.0,354969.0,517978.9980449658,518066.58723621734,15445.0,5678920.0,less
